sumOpenInterest,sumOpenInterestValue,CMCCirculatingSupply,time
19692237.00000000,83337546.98400000,624900423.72711290,2026-07-31 20:00:00
19755675.00000000,84811112.77500000,624900423.72711290,2026-07-31 21:00:00
19726532.00000000,84406888.80754817,624900423.72711290,2026-07-31 22:00:00
19537041.00000000,84598028.93794320,624900423.72711290,2026-07-31 23:00:00
19554333.00000000,84985100.53487644,624900423.72711290,2026-08-01 00:00:00
19558624.00000000,84121641.82400000,624900423.72711290,2026-08-01 01:00:00
19569922.00000000,84549945.02178472,624900423.72711290,2026-08-01 02:00:00
19542320.00000000,84090602.96000000,624878423.72711290,2026-08-01 03:00:00
19586136.00000000,84279143.20800000,624878423.72711290,2026-08-01 04:00:00
19672273.00000000,83607160.25000000,624878423.72711290,2026-08-01 05:00:00
19741274.00000000,81415423.00366622,624878423.72711290,2026-08-01 06:00:00
19646142.00000000,80837389.92437148,624878423.72711290,2026-08-01 07:00:00
19663405.00000000,80560970.28500000,624878423.72711290,2026-08-01 08:00:00
19576756.00000000,80323754.25484692,624878423.72711290,2026-08-01 09:00:00
19556255.00000000,80261192.43415615,624878423.72711290,2026-08-01 10:00:00
19559836.00000000,79647652.19200000,624878423.72711290,2026-08-01 11:00:00
19566210.00000000,79556209.86000000,624878423.72711290,2026-08-01 12:00:00
19569328.00000000,79412333.02400000,624878423.72711290,2026-08-01 13:00:00
19487676.00000000,80055373.00800000,624878423.72711290,2026-08-01 14:00:00
19466249.00000000,79908952.14500000,624878423.72711290,2026-08-01 15:00:00
19442289.00000000,79656774.78711870,624878423.72711290,2026-08-01 16:00:00
19436683.00000000,79340540.00600000,624878423.72711290,2026-08-01 17:00:00
19440473.00000000,79103284.63700000,624878423.72711290,2026-08-01 18:00:00
19422949.00000000,78993133.58300000,624878423.72711290,2026-08-01 19:00:00
19183209.00000000,77749546.07700000,624878423.72711290,2026-08-01 20:00:00
19146206.00000000,77503841.88800000,624878423.72711290,2026-08-01 21:00:00
19197087.00000000,77969343.38566737,624878423.72711290,2026-08-01 22:00:00
19161034.00000000,78081213.55000000,624878423.72711290,2026-08-01 23:00:00
19186593.00000000,78358045.81200000,624878423.72711290,2026-08-02 00:00:00
19187208.00000000,78494867.92800000,624878423.72711290,2026-08-02 01:00:00
19177475.00000000,79262291.51567000,624878423.72711290,2026-08-02 02:00:00
19133540.00000000,79151650.84957720,624854423.72711290,2026-08-02 03:00:00
19145043.00000000,79637578.12342143,624854423.72711290,2026-08-02 04:00:00
19291305.00000000,80849859.25500000,624854423.72711290,2026-08-02 05:00:00
19288496.00000000,80433028.32000000,624854423.72711290,2026-08-02 06:00:00
19221886.00000000,79982267.64600000,624854423.72711290,2026-08-02 07:00:00
19298959.00000000,81389113.81152000,624854423.72711290,2026-08-02 08:00:00
19314310.00000000,80838156.72434060,624854423.72711290,2026-08-02 09:00:00
19369662.00000000,81548080.33553220,624854423.72711290,2026-08-02 10:00:00
19355166.00000000,81821569.64386249,624854423.72711290,2026-08-02 11:00:00
19295981.00000000,80679944.36688508,624854423.72711290,2026-08-02 12:00:00
19304541.00000000,80741022.66073260,624854423.72711290,2026-08-02 13:00:00
19306568.00000000,80954290.73773985,624854423.72711290,2026-08-02 14:00:00
19300786.00000000,80870293.34000000,624854423.72711290,2026-08-02 15:00:00
19307819.00000000,81352529.57939363,624854423.72711290,2026-08-02 16:00:00
19313719.00000000,81164878.73215829,624854423.72711290,2026-08-02 17:00:00
19254205.00000000,80155255.41500000,624854423.72711290,2026-08-02 18:00:00
19215253.00000000,80285098.41170631,624854423.72711290,2026-08-02 19:00:00
19255759.00000000,81336326.01600000,624854423.72711290,2026-08-02 20:00:00
19343265.00000000,81609235.03500000,624854423.72711290,2026-08-02 21:00:00
19200797.00000000,81182802.81608959,624854423.72711290,2026-08-02 22:00:00
19219224.00000000,81118524.15420385,624854423.72711290,2026-08-02 23:00:00
19192889.00000000,79995961.35200000,624854423.72711290,2026-08-03 00:00:00
19028845.00000000,78648216.88747485,624854423.72711290,2026-08-03 01:00:00
19048675.00000000,78443197.02509625,624854423.72711290,2026-08-03 02:00:00
19053210.00000000,78413469.55977150,624840423.72711290,2026-08-03 03:00:00
19035398.00000000,78371104.61517487,624840423.72711290,2026-08-03 04:00:00
19043718.00000000,78399216.92114754,624840423.72711290,2026-08-03 05:00:00
19030634.00000000,78574761.26706682,624840423.72711290,2026-08-03 06:00:00
19040615.00000000,78751983.64000000,624840423.72711290,2026-08-03 07:00:00
18978626.00000000,77053221.56000000,624840423.72711290,2026-08-03 08:00:00
19008010.00000000,77153512.59000000,624840423.72711290,2026-08-03 09:00:00
19005777.00000000,77410529.72100000,624840423.72711290,2026-08-03 10:00:00
18993983.00000000,76983945.90678711,624840423.72711290,2026-08-03 11:00:00
19039438.00000000,77338197.15600000,624840423.72711290,2026-08-03 12:00:00
19042509.00000000,77669760.97813521,624840423.72711290,2026-08-03 13:00:00
18995390.00000000,78109043.68000000,624840423.72711290,2026-08-03 14:00:00
18607841.00000000,75119854.11700000,624840423.72711290,2026-08-03 15:00:00
18166056.00000000,71301769.80000000,624840423.72711290,2026-08-03 16:00:00
17931711.00000000,70115557.47238098,624840423.72711290,2026-08-03 17:00:00
17856090.00000000,70116256.41604920,624840423.72711290,2026-08-03 18:00:00
17713934.00000000,69048914.73200000,624840423.72711290,2026-08-03 19:00:00
17645745.00000000,69092967.82201906,624840423.72711290,2026-08-03 20:00:00
17650246.00000000,69277215.55000000,624840423.72711290,2026-08-03 21:00:00
17589140.00000000,69262542.22749280,624840423.72711290,2026-08-03 22:00:00
17541472.00000000,68597395.17886528,624840423.72711290,2026-08-03 23:00:00
17472605.00000000,68249138.01309305,624840423.72711290,2026-08-04 00:00:00
17438880.00000000,67994193.12000000,624840423.72711290,2026-08-04 01:00:00
17439922.00000000,68338554.62321486,624840423.72711290,2026-08-04 02:00:00
17418255.00000000,67984270.70990580,624810423.72711290,2026-08-04 03:00:00
17440587.00000000,66623042.34000000,624810423.72711290,2026-08-04 04:00:00
17550392.00000000,67990218.60800000,624810423.72711290,2026-08-04 05:00:00
17571459.00000000,68748620.10371087,624810423.72711290,2026-08-04 06:00:00
17725013.00000000,68922738.17478500,624810423.72711290,2026-08-04 07:00:00
17748381.00000000,69013051.02792828,624810423.72711290,2026-08-04 08:00:00
17736846.00000000,68737305.05627982,624810423.72711290,2026-08-04 09:00:00
17723934.00000000,68201698.03200000,624810423.72711290,2026-08-04 10:00:00
17787774.00000000,68486713.18165205,624810423.72711290,2026-08-04 11:00:00
17779972.00000000,69064077.13730252,624810423.72711290,2026-08-04 12:00:00
17818523.00000000,68692295.10662323,624810423.72711290,2026-08-04 13:00:00
17818300.00000000,68261907.30000000,624810423.72711290,2026-08-04 14:00:00
17822429.00000000,68313370.35700000,624810423.72711290,2026-08-04 15:00:00
17873740.00000000,68615945.18465120,624810423.72711290,2026-08-04 16:00:00
18003436.00000000,69187204.54800000,624810423.72711290,2026-08-04 17:00:00
17955838.00000000,69051232.04980128,624810423.72711290,2026-08-04 18:00:00
17999829.00000000,69987538.83206466,624810423.72711290,2026-08-04 19:00:00
17900079.00000000,69577607.07300000,624810423.72711290,2026-08-04 20:00:00
17869743.00000000,69298863.35400000,624810423.72711290,2026-08-04 21:00:00
17857884.00000000,68860000.70400000,624810423.72711290,2026-08-04 22:00:00
17870887.00000000,69339041.56000000,624810423.72711290,2026-08-04 23:00:00
17883879.00000000,68870818.02900000,624810423.72711290,2026-08-05 00:00:00
17883110.00000000,68653259.29000000,624810423.72711290,2026-08-05 01:00:00
17870516.00000000,68479817.31200000,624810423.72711290,2026-08-05 02:00:00
17877696.00000000,69687259.00800000,624786423.72711290,2026-08-05 03:00:00
17819181.00000000,69726455.25300000,624786423.72711290,2026-08-05 04:00:00
17877763.00000000,70420508.45700000,624786423.72711290,2026-08-05 05:00:00
17958885.00000000,70806807.11697705,624786423.72711290,2026-08-05 06:00:00
17991833.00000000,71499544.34200000,624786423.72711290,2026-08-05 07:00:00
17937828.00000000,71123488.02000000,624786423.72711290,2026-08-05 08:00:00
17900710.00000000,70296088.17000000,624786423.72711290,2026-08-05 09:00:00
17929399.00000000,70713549.65600000,624786423.72711290,2026-08-05 10:00:00
17907148.00000000,71198820.44800000,624786423.72711290,2026-08-05 11:00:00
17894399.00000000,70808136.84300000,624786423.72711290,2026-08-05 12:00:00
17887479.00000000,71379427.93340394,624786423.72711290,2026-08-05 13:00:00
17757288.00000000,71869650.25484304,624786423.72711290,2026-08-05 14:00:00
17874162.00000000,73037774.33438580,624786423.72711290,2026-08-05 15:00:00
17856863.00000000,71695304.94500000,624786423.72711290,2026-08-05 16:00:00
17865727.00000000,73728213.22189379,624786423.72711290,2026-08-05 17:00:00
17896072.00000000,73749170.28205767,624786423.72711290,2026-08-05 18:00:00
17890483.00000000,74072442.65174780,624786423.72711290,2026-08-05 19:00:00
18121021.00000000,74966663.87700000,624786423.72711290,2026-08-05 20:00:00
18097535.00000000,73887269.26042065,624786423.72711290,2026-08-05 21:00:00
18072950.00000000,73791854.85000000,624786423.72711290,2026-08-05 22:00:00
18065663.00000000,72823070.90636887,624786423.72711290,2026-08-05 23:00:00
18076245.00000000,73089846.94265100,624786423.72711290,2026-08-06 00:00:00
18132131.00000000,74214812.18300000,624786423.72711290,2026-08-06 01:00:00
18404777.00000000,74576156.40400000,624786423.72711290,2026-08-06 02:00:00
18397244.00000000,75343580.95132300,624740423.72711290,2026-08-06 03:00:00
18477202.00000000,75553278.97800000,624740423.72711290,2026-08-06 04:00:00
18479629.00000000,75826471.35238189,624740423.72711290,2026-08-06 05:00:00
18424148.00000000,74584010.98649985,624740423.72711290,2026-08-06 06:00:00
18334386.00000000,74400938.38800000,624740423.72711290,2026-08-06 07:00:00
18342705.00000000,73811044.92000000,624740423.72711290,2026-08-06 08:00:00
18429389.00000000,74712743.00600000,624740423.72711290,2026-08-06 09:00:00
18415981.00000000,74022981.11819623,624740423.72711290,2026-08-06 10:00:00
18530068.00000000,74268512.54400000,624740423.72711290,2026-08-06 11:00:00
18485916.00000000,74627642.89200000,624740423.72711290,2026-08-06 12:00:00
18506414.00000000,74173707.31200000,624740423.72711290,2026-08-06 13:00:00
18525754.00000000,74629623.71073534,624740423.72711290,2026-08-06 14:00:00
18697434.00000000,76977335.77800000,624740423.72711290,2026-08-06 15:00:00
18573793.00000000,75574653.73411520,624740423.72711290,2026-08-06 16:00:00
18555738.00000000,75651743.82600000,624740423.72711290,2026-08-06 17:00:00
18477738.00000000,74624271.21718650,624740423.72711290,2026-08-06 18:00:00
18452519.00000000,73773170.96200000,624740423.72711290,2026-08-06 19:00:00
18444281.00000000,74053788.21500000,624740423.72711290,2026-08-06 20:00:00
18464629.00000000,74050384.36034077,624740423.72711290,2026-08-06 21:00:00
18462331.00000000,74208155.64983629,624740423.72711290,2026-08-06 22:00:00
18454454.00000000,73926994.57985394,624740423.72711290,2026-08-06 23:00:00
18479165.00000000,74183639.39946236,624740423.72711290,2026-08-07 00:00:00
18463094.00000000,75150139.67665334,624740423.72711290,2026-08-07 01:00:00
18423951.00000000,74488033.89300000,624740423.72711290,2026-08-07 02:00:00
18395732.00000000,74116404.22800000,624740423.72711290,2026-08-07 03:00:00
18397051.00000000,73888458.95790182,624710423.72711290,2026-08-07 04:00:00
18388936.00000000,73728496.28480096,624710423.72711290,2026-08-07 05:00:00
18279821.00000000,73265522.56800000,624710423.72711290,2026-08-07 06:00:00
18382851.00000000,73293992.42059116,624710423.72711290,2026-08-07 07:00:00
18418683.00000000,73095441.39629625,624710423.72711290,2026-08-07 08:00:00
18350939.00000000,73823573.18414386,624710423.72711290,2026-08-07 09:00:00
18282994.00000000,73570767.85600000,624710423.72711290,2026-08-07 10:00:00
18273237.00000000,73220860.65900000,624710423.72711290,2026-08-07 11:00:00
18322779.00000000,74115641.05500000,624710423.72711290,2026-08-07 12:00:00
18426926.00000000,75181858.08000000,624710423.72711290,2026-08-07 13:00:00
18474002.00000000,74283962.04200000,624710423.72711290,2026-08-07 14:00:00
18636574.00000000,73808748.73844077,624710423.72711290,2026-08-07 15:00:00
18763188.00000000,74891832.70785996,624710423.72711290,2026-08-07 16:00:00
18557327.00000000,74269273.43057375,624710423.72711290,2026-08-07 17:00:00
18532400.00000000,74794067.89723600,624710423.72711290,2026-08-07 18:00:00
18517819.00000000,74367561.10400000,624710423.72711290,2026-08-07 19:00:00
18537126.00000000,74871981.14894730,624710423.72711290,2026-08-07 20:00:00
18517075.00000000,74509329.13761725,624710423.72711290,2026-08-07 21:00:00
18523636.00000000,73696185.79836560,624710423.72711290,2026-08-07 22:00:00
18505772.00000000,73405693.99315073,624710423.72711290,2026-08-07 23:00:00
18376681.00000000,73120813.69900000,624710423.72711290,2026-08-08 00:00:00
18396970.00000000,73191215.57104200,624710423.72711290,2026-08-08 01:00:00
18451393.00000000,73726843.59634760,624710423.72711290,2026-08-08 02:00:00
18463614.00000000,73743674.31600000,624674423.72711290,2026-08-08 03:00:00
18473973.00000000,74306234.41035816,624674423.72711290,2026-08-08 04:00:00
18480929.00000000,74163968.07700000,624674423.72711290,2026-08-08 05:00:00
18483774.00000000,74355333.10442604,624674423.72711290,2026-08-08 06:00:00
18512654.00000000,74050616.00000000,624674423.72711290,2026-08-08 07:00:00
18521669.00000000,73882937.64100000,624674423.72711290,2026-08-08 08:00:00
18535529.00000000,73975296.23900000,624674423.72711290,2026-08-08 09:00:00
18532026.00000000,73983656.67930378,624674423.72711290,2026-08-08 10:00:00
18556818.00000000,74002094.84868354,624674423.72711290,2026-08-08 11:00:00
18549631.00000000,73920279.53500000,624674423.72711290,2026-08-08 12:00:00
18509958.00000000,73345783.91052906,624674423.72711290,2026-08-08 13:00:00
18548324.00000000,73655394.60400000,624674423.72711290,2026-08-08 14:00:00
18554291.00000000,74265373.79984821,624674423.72711290,2026-08-08 15:00:00
18570102.00000000,74083796.85937399,624674423.72711290,2026-08-08 16:00:00
18552670.00000000,74018971.92140940,624674423.72711290,2026-08-08 17:00:00
18547213.00000000,74080297.01703230,624674423.72711290,2026-08-08 18:00:00
18537253.00000000,74111937.49400000,624674423.72711290,2026-08-08 19:00:00
18606382.00000000,74506209.73788369,624674423.72711290,2026-08-08 20:00:00
18625799.00000000,74929717.29794250,624674423.72711290,2026-08-08 21:00:00
18647597.00000000,75046485.65902764,624674423.72711290,2026-08-08 22:00:00
18608738.00000000,74429954.62341010,624674423.72711290,2026-08-08 23:00:00
18619063.00000000,74603463.95508805,624674423.72711290,2026-08-09 00:00:00
18598262.00000000,74149682.86037306,624674423.72711290,2026-08-09 01:00:00
18564766.00000000,73895591.68674473,624674423.72711290,2026-08-09 02:00:00
18584933.00000000,73644858.63911769,624438423.72711290,2026-08-09 03:00:00
18617628.00000000,73744424.50800000,624438423.72711290,2026-08-09 04:00:00
18611706.00000000,73888472.82000000,624438423.72711290,2026-08-09 05:00:00
18648681.00000000,73867425.44100000,624438423.72711290,2026-08-09 06:00:00
18664702.00000000,74061537.53600000,624438423.72711290,2026-08-09 07:00:00
18654152.00000000,73889096.07200000,624438423.72711290,2026-08-09 08:00:00
18702824.00000000,74334059.03244384,624438423.72711290,2026-08-09 09:00:00
18684794.00000000,74827329.17646053,624438423.72711290,2026-08-09 10:00:00
18670516.00000000,74368397.27744325,624438423.72711290,2026-08-09 11:00:00
18608648.00000000,74155462.28000000,624438423.72711290,2026-08-09 12:00:00
18676233.00000000,74574198.36900000,624438423.72711290,2026-08-09 13:00:00
18716296.00000000,75001950.71273856,624438423.72711290,2026-08-09 14:00:00
18787372.00000000,75940847.42889936,624438423.72711290,2026-08-09 15:00:00
19020251.00000000,77450462.07200000,624438423.72711290,2026-08-09 16:00:00
18979824.00000000,76621549.48800000,624438423.72711290,2026-08-09 17:00:00
18955555.00000000,76504619.98000000,624438423.72711290,2026-08-09 18:00:00
19018104.00000000,77156447.92800000,624438423.72711290,2026-08-09 19:00:00
18995962.00000000,77123605.72000000,624438423.72711290,2026-08-09 20:00:00
18992998.00000000,77149557.87600000,624438423.72711290,2026-08-09 21:00:00
18955099.00000000,77482925.36627318,624438423.72711290,2026-08-09 22:00:00
18901366.00000000,76172504.98000000,624438423.72711290,2026-08-09 23:00:00
18922232.00000000,75442938.98400000,624438423.72711290,2026-08-10 00:00:00
18869663.00000000,75837799.23936215,624438423.72711290,2026-08-10 01:00:00
18923904.00000000,77186864.48485248,624438423.72711290,2026-08-10 02:00:00
18897126.00000000,77155435.92462157,624400423.72711290,2026-08-10 03:00:00
18791332.00000000,75522363.30800000,624400423.72711290,2026-08-10 04:00:00
18803242.00000000,75946294.43800000,624400423.72711290,2026-08-10 05:00:00
18763758.00000000,76387102.32825828,624400423.72711290,2026-08-10 06:00:00
18755258.00000000,76465186.86600000,624400423.72711290,2026-08-10 07:00:00
18677225.00000000,75499160.09818175,624400423.72711290,2026-08-10 08:00:00
18589696.00000000,75154910.03883520,624400423.72711290,2026-08-10 09:00:00
18452603.00000000,73816587.16359395,624400423.72711290,2026-08-10 10:00:00
18408107.00000000,73816509.07000000,624400423.72711290,2026-08-10 11:00:00
18394537.00000000,74038011.42500000,624400423.72711290,2026-08-10 12:00:00
18322491.00000000,73216674.03600000,624400423.72711290,2026-08-10 13:00:00
18244002.00000000,73067228.01000000,624400423.72711290,2026-08-10 14:00:00
18238842.00000000,72593792.07677100,624400423.72711290,2026-08-10 15:00:00
18090617.00000000,71334771.70680974,624400423.72711290,2026-08-10 16:00:00
18073155.00000000,70781622.73207095,624400423.72711290,2026-08-10 17:00:00
18112091.00000000,71200344.21153405,624400423.72711290,2026-08-10 18:00:00
18129769.00000000,71050564.71100000,624400423.72711290,2026-08-10 19:00:00
18131691.00000000,71517234.05459385,624400423.72711290,2026-08-10 20:00:00
18128499.00000000,71698213.54500000,624400423.72711290,2026-08-10 21:00:00
18129985.00000000,71620418.98122650,624400423.72711290,2026-08-10 22:00:00
18127450.00000000,71466547.66887350,624400423.72711290,2026-08-10 23:00:00
18106877.00000000,71387413.67670985,624400423.72711290,2026-08-11 00:00:00
18109681.00000000,71406069.42369457,624400423.72711290,2026-08-11 01:00:00
18127148.00000000,72019159.00400000,624400423.72711290,2026-08-11 02:00:00
18140574.00000000,72090641.07600000,624348423.72711290,2026-08-11 03:00:00
18140904.00000000,72643306.99577256,624348423.72711290,2026-08-11 04:00:00
18097728.00000000,72380067.11747327,624348423.72711290,2026-08-11 05:00:00
18094274.00000000,72095038.83803320,624348423.72711290,2026-08-11 06:00:00
17957656.00000000,70845647.28670624,624348423.72711290,2026-08-11 07:00:00
18001866.00000000,70963810.31911650,624348423.72711290,2026-08-11 08:00:00
18069559.00000000,71217830.25443065,624348423.72711290,2026-08-11 09:00:00
18223736.00000000,72119730.50812888,624348423.72711290,2026-08-11 10:00:00
18186293.00000000,71235709.68100000,624348423.72711290,2026-08-11 11:00:00
18036106.00000000,70142416.23400000,624348423.72711290,2026-08-11 12:00:00
17990524.00000000,69101602.68400000,624348423.72711290,2026-08-11 13:00:00
18022027.00000000,69298612.70477115,624348423.72711290,2026-08-11 14:00:00
17896468.00000000,67096795.16343412,624348423.72711290,2026-08-11 15:00:00
17689176.00000000,65400264.60420888,624348423.72711290,2026-08-11 16:00:00
17762114.00000000,65950729.28200000,624348423.72711290,2026-08-11 17:00:00
17796350.00000000,65765273.88230800,624348423.72711290,2026-08-11 18:00:00
17792339.00000000,66154495.04569127,624348423.72711290,2026-08-11 19:00:00
17765811.00000000,66424174.13963205,624348423.72711290,2026-08-11 20:00:00
17832027.00000000,66805043.41765401,624348423.72711290,2026-08-11 21:00:00
17830366.00000000,67024345.79400000,624348423.72711290,2026-08-11 22:00:00
17828322.00000000,66963417.57949734,624348423.72711290,2026-08-11 23:00:00
17862315.00000000,66974329.97085120,624348423.72711290,2026-08-12 00:00:00
17893378.00000000,67111314.35875888,624348423.72711290,2026-08-12 01:00:00
17912257.00000000,67754005.20763402,624348423.72711290,2026-08-12 02:00:00
17895758.00000000,67968088.88400000,624348423.72711290,2026-08-12 03:00:00
17885248.00000000,67531117.96758015,624348423.72711290,2026-08-12 04:00:00
17865541.00000000,67460282.81600000,624308423.72711290,2026-08-12 05:00:00
17776975.00000000,67138258.46222050,624308423.72711290,2026-08-12 06:00:00
18591385.00000000,67226448.16000000,624308423.72711290,2026-08-12 07:00:00
19284606.00000000,67512526.02863207,624308423.72711290,2026-08-12 08:00:00
18447801.00000000,64924892.72293584,624308423.72711290,2026-08-12 09:00:00
18439188.00000000,65386231.34645736,624308423.72711290,2026-08-12 10:00:00
18444943.00000000,65062460.08526649,624308423.72711290,2026-08-12 11:00:00
18475614.00000000,65477576.01600000,624308423.72711290,2026-08-12 12:00:00
18411292.00000000,65253105.21025312,624308423.72711290,2026-08-12 13:00:00
18456820.00000000,65281772.34000000,624308423.72711290,2026-08-12 14:00:00
18329595.00000000,63768661.00500000,624308423.72711290,2026-08-12 15:00:00
18394794.00000000,64566568.50182550,624308423.72711290,2026-08-12 16:00:00
18469375.00000000,65049138.75000000,624308423.72711290,2026-08-12 17:00:00
18395129.00000000,64861224.85400000,624308423.72711290,2026-08-12 18:00:00
18349100.00000000,64955814.00000000,624308423.72711290,2026-08-12 19:00:00
18464496.00000000,65493567.31200000,624308423.72711290,2026-08-12 20:00:00
18400413.00000000,65592595.49953848,624308423.72711290,2026-08-12 21:00:00
18400159.00000000,64843167.72470525,624308423.72711290,2026-08-12 22:00:00
18415910.00000000,65394896.41000000,624308423.72711290,2026-08-12 23:00:00
18478605.00000000,66007331.97311685,624308423.72711290,2026-08-13 00:00:00
18409725.00000000,65570769.35047575,624308423.72711290,2026-08-13 01:00:00
18424512.00000000,65224466.06114304,624308423.72711290,2026-08-13 02:00:00
18423490.00000000,65224745.02380560,624234423.72711290,2026-08-13 03:00:00
18461612.00000000,65398327.20999136,624234423.72711290,2026-08-13 04:00:00
18471160.00000000,65849685.40000000,624234423.72711290,2026-08-13 05:00:00
18406964.00000000,65363656.33944896,624234423.72711290,2026-08-13 06:00:00
18376000.00000000,65907743.26952000,624234423.72711290,2026-08-13 07:00:00
18377127.00000000,65992263.05700000,624234423.72711290,2026-08-13 08:00:00
18404331.00000000,66421230.57900000,624234423.72711290,2026-08-13 09:00:00
18361857.00000000,65995704.61427232,624234423.72711290,2026-08-13 10:00:00
18339103.00000000,65844374.12049317,624234423.72711290,2026-08-13 11:00:00
17991933.00000000,63416321.69540112,624234423.72711290,2026-08-13 12:00:00
18057403.00000000,63210010.70881588,624234423.72711290,2026-08-13 13:00:00
18160701.00000000,63144757.37700000,624234423.72711290,2026-08-13 14:00:00
18238637.00000000,63634604.49300000,624234423.72711290,2026-08-13 15:00:00
18252934.00000000,63303076.70266412,624234423.72711290,2026-08-13 16:00:00
18168350.00000000,63023304.15298800,624234423.72711290,2026-08-13 17:00:00
18195217.00000000,63345204.55893539,624234423.72711290,2026-08-13 18:00:00
18186220.00000000,63251673.16000000,624234423.72711290,2026-08-13 19:00:00
18267682.00000000,63699407.13400000,624234423.72711290,2026-08-13 20:00:00
18260506.00000000,63418737.33800000,624234423.72711290,2026-08-13 21:00:00
18308654.00000000,63842276.49800000,624234423.72711290,2026-08-13 22:00:00
18367044.00000000,63889682.29001772,624234423.72711290,2026-08-13 23:00:00
18309301.00000000,63661439.57700000,624234423.72711290,2026-08-14 00:00:00
18357106.00000000,64047942.83400000,624234423.72711290,2026-08-14 01:00:00
18571590.00000000,65223424.08000000,624234423.72711290,2026-08-14 02:00:00
18514967.00000000,64691294.69800000,624122423.72711290,2026-08-14 03:00:00
18443593.00000000,63319969.70742177,624122423.72711290,2026-08-14 04:00:00
18459004.00000000,64020381.36959716,624122423.72711290,2026-08-14 05:00:00
18459120.00000000,64459247.04000000,624122423.72711290,2026-08-14 06:00:00
18444184.00000000,64296425.42400000,624122423.72711290,2026-08-14 07:00:00
18400151.00000000,63701322.76200000,624122423.72711290,2026-08-14 08:00:00
18478616.00000000,63847829.92615872,624122423.72711290,2026-08-14 09:00:00
18518794.00000000,63500944.62600000,624122423.72711290,2026-08-14 10:00:00
18523856.00000000,62838828.47682544,624122423.72711290,2026-08-14 11:00:00
19828406.00000000,63393413.67674510,624122423.72711290,2026-08-14 12:00:00
20070337.00000000,65088102.89100000,624122423.72711290,2026-08-14 13:00:00
20164599.00000000,65353465.35900000,624122423.72711290,2026-08-14 14:00:00
20192326.00000000,65382751.58800000,624122423.72711290,2026-08-14 15:00:00
20331216.00000000,65786874.08388768,624122423.72711290,2026-08-14 16:00:00
20470119.00000000,66016133.77500000,624122423.72711290,2026-08-14 17:00:00
20546395.00000000,65789556.79000000,624122423.72711290,2026-08-14 18:00:00
20537139.00000000,65090035.18678437,624122423.72711290,2026-08-14 19:00:00
20548741.00000000,65737285.20237165,624122423.72711290,2026-08-14 20:00:00
20663238.00000000,66184351.31400000,624122423.72711290,2026-08-14 21:00:00
20697893.00000000,66191861.81400000,624122423.72711290,2026-08-14 22:00:00
20736888.00000000,66378778.48800000,624122423.72711290,2026-08-14 23:00:00
20838330.00000000,66656529.11022930,624122423.72711290,2026-08-15 00:00:00
20995442.00000000,67983571.45430265,624122423.72711290,2026-08-15 01:00:00
21033742.00000000,67635380.15919907,624122423.72711290,2026-08-15 02:00:00
20975702.00000000,68431884.70080094,624068423.72711290,2026-08-15 03:00:00
21042210.00000000,68955322.17000000,624068423.72711290,2026-08-15 04:00:00
21064012.00000000,69438019.61980715,624068423.72711290,2026-08-15 05:00:00
20981806.00000000,68772670.22184892,624068423.72711290,2026-08-15 06:00:00
20946661.00000000,68808530.45040508,624068423.72711290,2026-08-15 07:00:00
20768619.00000000,67263466.95885064,624068423.72711290,2026-08-15 08:00:00
20732415.00000000,67124369.56115384,624068423.72711290,2026-08-15 09:00:00
20709400.00000000,67368862.15639800,624068423.72711290,2026-08-15 10:00:00
20734219.00000000,67696604.87450970,624068423.72711290,2026-08-15 11:00:00
20705276.00000000,67395673.38000000,624068423.72711290,2026-08-15 12:00:00
20677579.00000000,67333059.07859115,624068423.72711290,2026-08-15 13:00:00
20659545.00000000,67515465.57500295,624068423.72711290,2026-08-15 14:00:00
20662923.00000000,67190957.82459965,624068423.72711290,2026-08-15 15:00:00
20584567.00000000,66982181.01800000,624068423.72711290,2026-08-15 16:00:00
20502818.00000000,66311859.94182904,624068423.72711290,2026-08-15 17:00:00
20479354.00000000,66084644.74676232,624068423.72711290,2026-08-15 18:00:00
20485570.00000000,66250333.38000000,624068423.72711290,2026-08-15 19:00:00
20464907.00000000,66339650.33893790,624068423.72711290,2026-08-15 20:00:00
20453317.00000000,66330107.03100000,624068423.72711290,2026-08-15 21:00:00
20470232.00000000,66384962.37600000,624068423.72711290,2026-08-15 22:00:00
20502506.00000000,66392736.01012014,624068423.72711290,2026-08-15 23:00:00
20480690.00000000,66297524.25677060,624068423.72711290,2026-08-16 00:00:00
20463507.00000000,66445007.22900000,624068423.72711290,2026-08-16 01:00:00
20429077.00000000,66026776.86400000,624068423.72711290,2026-08-16 02:00:00
20431107.00000000,66081409.15410495,624022423.72711290,2026-08-16 03:00:00
20419404.00000000,66036352.53600000,624022423.72711290,2026-08-16 04:00:00
20424645.00000000,66216699.09000000,624022423.72711290,2026-08-16 05:00:00
20418945.00000000,66177800.74500000,624022423.72711290,2026-08-16 06:00:00
20411135.00000000,66241847.46347325,624022423.72711290,2026-08-16 07:00:00
20412181.00000000,66809068.41300000,624022423.72711290,2026-08-16 08:00:00
20399455.00000000,67155005.86000000,624022423.72711290,2026-08-16 09:00:00
20335272.00000000,66760697.97600000,624022423.72711290,2026-08-16 10:00:00
20274482.00000000,66094811.32000000,624022423.72711290,2026-08-16 11:00:00
20252816.00000000,66339634.17398096,624022423.72711290,2026-08-16 12:00:00
20251648.00000000,66303895.55200000,624022423.72711290,2026-08-16 13:00:00
20249160.00000000,66194504.04000000,624022423.72711290,2026-08-16 14:00:00
20355419.00000000,67295015.21400000,624022423.72711290,2026-08-16 15:00:00
20384050.00000000,67450821.45000000,624022423.72711290,2026-08-16 16:00:00
20337391.00000000,67204073.91297336,624022423.72711290,2026-08-16 17:00:00
20326083.00000000,67254936.92605343,624022423.72711290,2026-08-16 18:00:00
20309648.00000000,66879670.86400000,624022423.72711290,2026-08-16 19:00:00
20318330.00000000,67233353.97000000,624022423.72711290,2026-08-16 20:00:00
20313738.00000000,66882570.40239336,624022423.72711290,2026-08-16 21:00:00
20190311.00000000,66045180.88198262,624022423.72711290,2026-08-16 22:00:00
20195327.00000000,66351229.85812880,624022423.72711290,2026-08-16 23:00:00
20176391.00000000,66017151.35200000,624022423.72711290,2026-08-17 00:00:00
20177535.00000000,65993205.09049485,624022423.72711290,2026-08-17 01:00:00
20164223.00000000,66151924.13650529,624022423.72711290,2026-08-17 02:00:00
20139527.00000000,66238904.30300000,623982423.72711290,2026-08-17 03:00:00
20165027.00000000,65899308.23600000,623982423.72711290,2026-08-17 04:00:00
20196830.00000000,66295741.23244330,623982423.72711290,2026-08-17 05:00:00
20183887.00000000,65625266.71153057,623982423.72711290,2026-08-17 06:00:00
20188066.00000000,66095728.08400000,623982423.72711290,2026-08-17 07:00:00
20145697.00000000,66380071.61500000,623982423.72711290,2026-08-17 08:00:00
20115275.00000000,65776949.25000000,623982423.72711290,2026-08-17 09:00:00
20118248.00000000,65953201.16609736,623982423.72711290,2026-08-17 10:00:00
20138708.00000000,66541983.86549888,623982423.72711290,2026-08-17 11:00:00
20109763.00000000,66163395.89078108,623982423.72711290,2026-08-17 12:00:00
20107285.00000000,66313825.93000000,623982423.72711290,2026-08-17 13:00:00
20143033.00000000,66109434.30600000,623982423.72711290,2026-08-17 14:00:00
20152397.00000000,66485795.87837172,623982423.72711290,2026-08-17 15:00:00
20123882.00000000,66599107.66287896,623982423.72711290,2026-08-17 16:00:00
20194894.00000000,66146217.06867822,623982423.72711290,2026-08-17 17:00:00
20188155.00000000,66553117.25293140,623982423.72711290,2026-08-17 18:00:00
20162434.00000000,66636844.37000000,623982423.72711290,2026-08-17 19:00:00
20157316.00000000,66257097.69200000,623982423.72711290,2026-08-17 20:00:00
20142799.00000000,66111464.75706507,623982423.72711290,2026-08-17 21:00:00
20141655.00000000,66185478.33000000,623982423.72711290,2026-08-17 22:00:00
20136993.00000000,65807693.12400000,623982423.72711290,2026-08-17 23:00:00
20137482.00000000,66135455.75683098,623982423.72711290,2026-08-18 00:00:00
20144623.00000000,66074363.44000000,623982423.72711290,2026-08-18 01:00:00
20102111.00000000,65287314.47202400,623982423.72711290,2026-08-18 02:00:00
20175635.00000000,65611165.02000000,623918423.72711290,2026-08-18 03:00:00
20159121.00000000,65849369.99908662,623918423.72711290,2026-08-18 04:00:00
20150666.00000000,65711321.82600000,623918423.72711290,2026-08-18 05:00:00
20166248.00000000,65545357.04013656,623918423.72711290,2026-08-18 06:00:00
20120958.00000000,65743033.66001514,623918423.72711290,2026-08-18 07:00:00
20110594.00000000,65519142.60326386,623918423.72711290,2026-08-18 08:00:00
20050298.00000000,65595597.33456752,623918423.72711290,2026-08-18 09:00:00
20054408.00000000,65477642.12000000,623918423.72711290,2026-08-18 10:00:00
20073955.00000000,65742202.62500000,623918423.72711290,2026-08-18 11:00:00
20111696.00000000,65725022.52800000,623918423.72711290,2026-08-18 12:00:00
20099367.00000000,65817926.24322294,623918423.72711290,2026-08-18 13:00:00
20040924.00000000,65634026.10000000,623918423.72711290,2026-08-18 14:00:00
20014171.00000000,65506381.68300000,623918423.72711290,2026-08-18 15:00:00
20017501.00000000,65577860.93732636,623918423.72711290,2026-08-18 16:00:00
20025957.00000000,65564983.21800000,623918423.72711290,2026-08-18 17:00:00
19982546.00000000,65510726.45212948,623918423.72711290,2026-08-18 18:00:00
20002292.00000000,65668801.78234420,623918423.72711290,2026-08-18 19:00:00
20018883.00000000,65902162.83600000,623918423.72711290,2026-08-18 20:00:00
20042040.00000000,66078605.88000000,623918423.72711290,2026-08-18 21:00:00
20056464.00000000,66346782.91200000,623918423.72711290,2026-08-18 22:00:00
19992392.00000000,65635022.93600000,623918423.72711290,2026-08-18 23:00:00
19960546.00000000,65710117.43200000,623918423.72711290,2026-08-19 00:00:00
19906052.00000000,65417679.70059980,623918423.72711290,2026-08-19 01:00:00
19805688.00000000,65220130.58400000,623918423.72711290,2026-08-19 02:00:00
19739908.00000000,64924557.41200000,623864423.72711290,2026-08-19 03:00:00
19665131.00000000,65052253.34800000,623864423.72711290,2026-08-19 04:00:00
19668188.00000000,65110611.96916400,623864423.72711290,2026-08-19 05:00:00
19726045.00000000,65589099.62500000,623864423.72711290,2026-08-19 06:00:00
19753742.00000000,65839222.08600000,623864423.72711290,2026-08-19 07:00:00
19763859.00000000,65754358.89300000,623864423.72711290,2026-08-19 08:00:00
19762763.00000000,65849526.31600000,623864423.72711290,2026-08-19 09:00:00
19673009.00000000,64808797.08984162,623864423.72711290,2026-08-19 10:00:00
19659916.00000000,65084959.74394844,623864423.72711290,2026-08-19 11:00:00
19721938.00000000,66837647.88200000,623864423.72711290,2026-08-19 12:00:00
19711751.00000000,66536238.85751060,623864423.72711290,2026-08-19 13:00:00
19789417.00000000,66773602.03254588,623864423.72711290,2026-08-19 14:00:00
19811260.00000000,67728411.62908940,623864423.72711290,2026-08-19 15:00:00
19851198.00000000,69733029.47477809,623864423.72711290,2026-08-19 16:00:00
19636936.00000000,70319867.81600000,623864423.72711290,2026-08-19 17:00:00
19337770.00000000,68051431.54064620,623864423.72711290,2026-08-19 18:00:00
19338452.00000000,67858628.06800000,623864423.72711290,2026-08-19 19:00:00
19295387.00000000,68286374.59300000,623864423.72711290,2026-08-19 20:00:00
19123495.00000000,69407552.44978660,623864423.72711290,2026-08-19 21:00:00
18786483.00000000,69682651.97446953,623864423.72711290,2026-08-19 22:00:00
18769556.00000000,68396262.06400000,623864423.72711290,2026-08-19 23:00:00
18777388.00000000,68212853.79491492,623864423.72711290,2026-08-20 00:00:00
18861976.00000000,69393209.70400000,623864423.72711290,2026-08-20 01:00:00
18921019.00000000,69805630.24245615,623864423.72711290,2026-08-20 02:00:00
18768893.00000000,67980930.44600000,623772423.72711290,2026-08-20 03:00:00
18751954.00000000,67402107.65387346,623772423.72711290,2026-08-20 04:00:00
18767387.00000000,67563802.00739667,623772423.72711290,2026-08-20 05:00:00
18903624.00000000,68487829.75200000,623772423.72711290,2026-08-20 06:00:00
18898425.00000000,68476329.00967950,623772423.72711290,2026-08-20 07:00:00
18848501.00000000,68251276.71203534,623772423.72711290,2026-08-20 08:00:00
19139475.00000000,71070084.45938475,623772423.72711290,2026-08-20 09:00:00
19010367.00000000,70205285.33100000,623772423.72711290,2026-08-20 10:00:00
19099307.00000000,71011223.42600000,623772423.72711290,2026-08-20 11:00:00
19107101.00000000,70963773.11400000,623772423.72711290,2026-08-20 12:00:00
19038731.00000000,70348111.04500000,623772423.72711290,2026-08-20 13:00:00
19009934.00000000,69853302.76248560,623772423.72711290,2026-08-20 14:00:00
18910294.00000000,69117124.57000000,623772423.72711290,2026-08-20 15:00:00
18997210.00000000,70280423.64898110,623772423.72711290,2026-08-20 16:00:00
19183828.00000000,71939355.00000000,623772423.72711290,2026-08-20 17:00:00
19106039.00000000,71819600.60100000,623772423.72711290,2026-08-20 18:00:00
18949376.00000000,70421754.57509120,623772423.72711290,2026-08-20 19:00:00
18939474.00000000,70000295.90400000,623772423.72711290,2026-08-20 20:00:00
18950366.00000000,70116354.20000000,623772423.72711290,2026-08-20 21:00:00
18904982.00000000,70214424.60624180,623772423.72711290,2026-08-20 22:00:00
18869784.00000000,70271075.61600000,623772423.72711290,2026-08-20 23:00:00
18893451.00000000,71062538.18625344,623772423.72711290,2026-08-21 00:00:00
19148818.00000000,73186782.39600000,623772423.72711290,2026-08-21 01:00:00
18875467.00000000,72104141.61897881,623772423.72711290,2026-08-21 02:00:00
18847393.00000000,72091278.22500000,623680423.72711290,2026-08-21 03:00:00
18911258.00000000,72203183.04400000,623680423.72711290,2026-08-21 04:00:00
18930283.00000000,72669617.13819902,623680423.72711290,2026-08-21 05:00:00
18946317.00000000,72734910.96300000,623680423.72711290,2026-08-21 06:00:00
19096652.00000000,73986260.43778864,623680423.72711290,2026-08-21 07:00:00
19236434.00000000,75329875.54400000,623680423.72711290,2026-08-21 08:00:00
19439936.00000000,78809500.54400000,623680423.72711290,2026-08-21 09:00:00
18504136.00000000,73041046.10405512,623680423.72711290,2026-08-21 10:00:00
18331467.00000000,71951007.97500000,623680423.72711290,2026-08-21 11:00:00
18136803.00000000,70679121.29100000,623680423.72711290,2026-08-21 12:00:00
17994738.00000000,70521378.22200000,623680423.72711290,2026-08-21 13:00:00
18036664.00000000,70738255.51616111,623680423.72711290,2026-08-21 14:00:00
18181332.00000000,71822662.68337056,623680423.72711290,2026-08-21 15:00:00
