Open Time,Open,High,Low,Close,Volume,Close Time,Quote Asset Volume,Number of Trades,Taker Buy Base Asset Volume,Taker Buy Quote Asset Volume,Ignore
2026-08-18 13:00:00,601.23000000,601.23000000,600.00000000,600.30000000,6040.38500000,2026-08-18 13:59:59,3627145.87884000,21163,2173.50400000,1305158.52008000,0
2026-08-18 14:00:00,600.30000000,604.24000000,600.29000000,602.71000000,7568.75400000,2026-08-18 14:59:59,4560801.80526000,35294,3267.98300000,1969131.52867000,0
2026-08-18 15:00:00,602.71000000,604.00000000,602.70000000,603.45000000,3953.84000000,2026-08-18 15:59:59,2385764.72585000,22159,1724.99300000,1040829.99948000,0
2026-08-18 16:00:00,603.46000000,604.48000000,603.13000000,603.91000000,2270.89300000,2026-08-18 16:59:59,1370781.58115000,12570,964.60100000,582281.86830000,0
2026-08-18 17:00:00,603.92000000,603.96000000,602.70000000,602.78000000,2304.80400000,2026-08-18 17:59:59,1389699.75355000,9562,697.35900000,420467.32344000,0
2026-08-18 18:00:00,602.79000000,604.00000000,602.70000000,603.29000000,1834.33800000,2026-08-18 18:59:59,1106685.25125000,9895,846.31000000,510513.81056000,0
2026-08-18 19:00:00,603.30000000,603.83000000,602.94000000,603.00000000,1800.58400000,2026-08-18 19:59:59,1086293.63717000,7934,531.32800000,320552.60496000,0
2026-08-18 20:00:00,603.00000000,603.12000000,602.69000000,602.91000000,1320.06600000,2026-08-18 20:59:59,795808.07093000,6395,463.67400000,279525.30817000,0
2026-08-18 21:00:00,602.92000000,603.11000000,602.23000000,602.53000000,1579.73600000,2026-08-18 21:59:59,952158.63358000,7602,415.21100000,250330.47662000,0
2026-08-18 22:00:00,602.54000000,603.51000000,602.53000000,603.20000000,1906.67700000,2026-08-18 22:59:59,1149781.40393000,6970,939.75200000,566709.97099000,0
2026-08-18 23:00:00,603.20000000,604.20000000,603.12000000,603.94000000,1573.25300000,2026-08-18 23:59:59,949957.16874000,7584,602.62600000,363908.49838000,0
2026-08-19 00:00:00,603.95000000,604.82000000,602.94000000,603.93000000,3592.15800000,2026-08-19 00:59:59,2168781.85035000,14195,1217.57600000,735182.88969000,0
2026-08-19 01:00:00,603.93000000,604.69000000,603.46000000,603.51000000,2074.00000000,2026-08-19 01:59:59,1252582.21798000,11053,792.28100000,478469.10718000,0
2026-08-19 02:00:00,603.51000000,603.51000000,601.42000000,601.97000000,2863.26900000,2026-08-19 02:59:59,1725056.06752000,11931,667.35900000,402122.25469000,0
2026-08-19 03:00:00,601.98000000,602.69000000,601.70000000,601.97000000,2048.35600000,2026-08-19 03:59:59,1233290.75695000,11777,576.18100000,346882.52114000,0
2026-08-19 04:00:00,601.97000000,602.59000000,601.70000000,601.90000000,2572.83500000,2026-08-19 04:59:59,1548945.82059000,10457,1160.88700000,698894.42288000,0
2026-08-19 05:00:00,601.90000000,602.05000000,601.39000000,601.46000000,2315.29900000,2026-08-19 05:59:59,1393127.68024000,9744,677.41600000,407625.45186000,0
2026-08-19 06:00:00,601.47000000,602.42000000,601.39000000,602.41000000,3070.15700000,2026-08-19 06:59:59,1847093.64261000,11386,1042.91500000,627465.49616000,0
2026-08-19 07:00:00,602.42000000,602.60000000,601.80000000,601.80000000,2858.50500000,2026-08-19 07:59:59,1721454.04049000,13559,995.13200000,599274.56452000,0
2026-08-19 08:00:00,601.81000000,603.49000000,601.68000000,602.78000000,3475.72100000,2026-08-19 08:59:59,2094277.14312000,17145,1673.47500000,1008299.57032000,0
2026-08-19 09:00:00,602.78000000,603.04000000,602.47000000,602.47000000,2755.83500000,2026-08-19 09:59:59,1661009.38794000,11272,1126.39500000,678903.42202000,0
2026-08-19 10:00:00,602.48000000,602.77000000,602.01000000,602.77000000,2440.69700000,2026-08-19 10:59:59,1470234.95035000,10371,1027.80500000,619156.01445000,0
2026-08-19 11:00:00,602.77000000,603.50000000,602.41000000,602.80000000,4107.83400000,2026-08-19 11:59:59,2476382.05268000,15628,1961.23000000,1182223.07656000,0
2026-08-19 12:00:00,602.81000000,605.36000000,602.80000000,604.28000000,4634.26900000,2026-08-19 12:59:59,2799767.58952000,21254,2459.28400000,1485857.23215000,0
2026-08-19 13:00:00,604.28000000,605.85000000,604.01000000,604.29000000,8393.32300000,2026-08-19 13:59:59,5075835.60135000,35208,4119.56700000,2491256.41119000,0
2026-08-19 14:00:00,604.30000000,609.43000000,604.01000000,608.76000000,10488.63200000,2026-08-19 14:59:59,6365434.95896000,43438,5875.69800000,3566840.43288000,0
2026-08-19 15:00:00,608.76000000,620.18000000,608.73000000,616.65000000,51035.39700000,2026-08-19 15:59:59,31442082.16609000,153576,28873.08900000,17781800.78132000,0
2026-08-19 16:00:00,616.66000000,620.30000000,616.35000000,618.74000000,19208.30400000,2026-08-19 16:59:59,11886459.67226000,70567,9770.41400000,6045758.43830000,0
2026-08-19 17:00:00,618.75000000,619.18000000,614.47000000,617.22000000,9675.54600000,2026-08-19 17:59:59,5964844.31160000,45297,3353.71900000,2067977.86549000,0
2026-08-19 18:00:00,617.23000000,617.88000000,616.10000000,617.18000000,5564.57500000,2026-08-19 18:59:59,3433941.46660000,29803,2452.91400000,1513722.19878000,0
2026-08-19 19:00:00,617.18000000,617.85000000,613.92000000,616.58000000,14013.72100000,2026-08-19 19:59:59,8624178.75480000,38977,6563.80800000,4037856.30173000,0
2026-08-19 20:00:00,616.59000000,624.62000000,616.24000000,624.06000000,13135.23700000,2026-08-19 20:59:59,8158551.55698000,54405,7542.32100000,4685081.44933000,0
2026-08-19 21:00:00,624.07000000,636.59000000,623.32000000,634.64000000,31300.26200000,2026-08-19 21:59:59,19726586.97854000,127596,18538.59900000,11684338.98052000,0
2026-08-19 22:00:00,634.65000000,635.40000000,626.94000000,628.01000000,16743.36900000,2026-08-19 22:59:59,10557481.67257000,83122,6813.89900000,4296866.66129000,0
2026-08-19 23:00:00,628.01000000,629.14000000,625.77000000,627.51000000,8523.06700000,2026-08-19 23:59:59,5346168.39031000,46920,3750.65400000,2353501.95625000,0
2026-08-20 00:00:00,627.51000000,630.73000000,626.80000000,628.90000000,15441.83200000,2026-08-20 00:59:59,9711951.84166000,62060,7683.14800000,4833291.51491000,0
2026-08-20 01:00:00,628.90000000,629.48000000,624.19000000,625.75000000,10572.36500000,2026-08-20 01:59:59,6619765.59184000,44739,4595.16100000,2877181.45128000,0
2026-08-20 02:00:00,625.76000000,626.75000000,624.20000000,624.33000000,6441.65400000,2026-08-20 02:59:59,4028239.92905000,35330,2781.22400000,1739224.51157000,0
2026-08-20 03:00:00,624.34000000,628.47000000,622.28000000,626.37000000,10823.28600000,2026-08-20 03:59:59,6760013.46747000,54521,5441.83400000,3400017.78825000,0
2026-08-20 04:00:00,626.38000000,627.60000000,624.89000000,626.80000000,5168.62600000,2026-08-20 04:59:59,3237256.89321000,27201,2466.11700000,1544574.00171000,0
2026-08-20 05:00:00,626.80000000,627.81000000,624.51000000,625.00000000,6591.67300000,2026-08-20 05:59:59,4129707.91273000,32364,2441.58800000,1529465.49328000,0
2026-08-20 06:00:00,625.01000000,631.20000000,624.51000000,630.18000000,9004.45200000,2026-08-20 06:59:59,5649341.44241000,36301,5574.78000000,3498806.77974000,0
2026-08-20 07:00:00,630.19000000,632.71000000,627.97000000,630.44000000,6852.37100000,2026-08-20 07:59:59,4316420.84763000,43348,3320.10100000,2091842.75437000,0
2026-08-20 08:00:00,630.45000000,645.00000000,630.35000000,640.66000000,39381.44500000,2026-08-20 08:59:59,25201149.38150000,140317,21154.59600000,13534422.87966000,0
2026-08-20 09:00:00,640.66000000,645.00000000,640.47000000,642.89000000,20143.98500000,2026-08-20 09:59:59,12950785.28611000,93323,10206.26900000,6561116.97086000,0
2026-08-20 10:00:00,642.90000000,646.72000000,641.83000000,644.00000000,16899.37200000,2026-08-20 10:59:59,10881204.74199000,85967,9940.15900000,6401072.55469000,0
2026-08-20 11:00:00,644.00000000,649.00000000,642.57000000,645.83000000,12226.21600000,2026-08-20 11:59:59,7895197.70333000,72499,6577.14100000,4246609.94757000,0
2026-08-20 12:00:00,645.82000000,646.19000000,639.89000000,643.22000000,12483.48200000,2026-08-20 12:59:59,8018175.57313000,76160,5655.65300000,3633108.51419000,0
2026-08-20 13:00:00,643.23000000,644.94000000,638.21000000,641.63000000,12701.74600000,2026-08-20 13:59:59,8147173.98138000,82606,5884.53600000,3774791.84561000,0
2026-08-20 14:00:00,641.63000000,645.20000000,640.52000000,642.24000000,11792.95700000,2026-08-20 14:59:59,7576922.52348000,63400,6447.93100000,4144521.54157000,0
2026-08-20 15:00:00,642.24000000,652.63000000,642.14000000,652.56000000,16001.68200000,2026-08-20 15:59:59,10375938.52227000,77025,9938.64200000,6445514.09474000,0
2026-08-20 16:00:00,652.57000000,654.21000000,645.92000000,653.85000000,15475.75400000,2026-08-20 16:59:59,10063303.18183000,60353,6666.28000000,4339689.19849000,0
2026-08-20 17:00:00,653.86000000,654.59000000,651.53000000,653.27000000,7793.55100000,2026-08-20 17:59:59,5088427.41237000,43913,3297.32200000,2153168.26643000,0
2026-08-20 18:00:00,653.28000000,654.12000000,647.02000000,647.49000000,6348.56000000,2026-08-20 18:59:59,4124513.50398000,44205,2421.17700000,1573372.32542000,0
2026-08-20 19:00:00,647.49000000,650.93000000,646.94000000,650.48000000,2844.54400000,2026-08-20 19:59:59,1846871.45347000,26285,1534.74900000,996314.67062000,0
2026-08-20 20:00:00,650.48000000,654.29000000,650.18000000,653.71000000,4040.27100000,2026-08-20 20:59:59,2634812.92596000,24478,1950.19300000,1271740.95172000,0
2026-08-20 21:00:00,653.70000000,655.00000000,652.77000000,653.93000000,3638.83400000,2026-08-20 21:59:59,2379872.48819000,21186,1887.11200000,1234211.52976000,0
2026-08-20 22:00:00,653.93000000,656.00000000,652.27000000,653.87000000,5339.00500000,2026-08-20 22:59:59,3494870.48639000,28099,3068.84200000,2009119.80093000,0
2026-08-20 23:00:00,653.88000000,658.30000000,653.70000000,654.80000000,5403.70500000,2026-08-20 23:59:59,3547773.57683000,31309,3235.00300000,2124187.12424000,0
2026-08-21 00:00:00,654.80000000,658.27000000,653.24000000,656.82000000,10964.89800000,2026-08-21 00:59:59,7188241.62172000,72415,5043.11100000,3307364.57734000,0
2026-08-21 01:00:00,656.83000000,666.64000000,656.21000000,661.54000000,20903.25000000,2026-08-21 01:59:59,13836224.72388000,98088,12583.13100000,8328392.16000000,0
2026-08-21 02:00:00,661.55000000,663.91000000,658.87000000,659.10000000,10776.10100000,2026-08-21 02:59:59,7122686.51605000,72271,4875.87000000,3224022.04610000,0
2026-08-21 03:00:00,659.11000000,662.55000000,657.21000000,661.07000000,7785.95500000,2026-08-21 03:59:59,5138668.45314000,57330,4654.58700000,3072665.54533000,0
2026-08-21 04:00:00,661.08000000,662.52000000,658.59000000,660.55000000,7600.25400000,2026-08-21 04:59:59,5019590.93169000,43073,3448.06200000,2277681.01439000,0
2026-08-21 05:00:00,660.55000000,664.83000000,660.11000000,664.73000000,9576.72100000,2026-08-21 05:59:59,6347521.56160000,52538,4613.72700000,3057588.70143000,0
2026-08-21 06:00:00,664.73000000,673.00000000,663.94000000,666.88000000,17151.09800000,2026-08-21 06:59:59,11457797.73688000,77466,10110.00200000,6752569.22346000,0
2026-08-21 07:00:00,666.89000000,673.73000000,666.74000000,669.60000000,23073.38000000,2026-08-21 07:59:59,15476362.62288000,87630,12506.49200000,8389747.75253000,0
2026-08-21 08:00:00,669.60000000,686.15000000,669.14000000,685.36000000,40403.28300000,2026-08-21 08:59:59,27464509.43880000,144428,19570.61000000,13297994.75207000,0
2026-08-21 09:00:00,685.36000000,685.59000000,668.00000000,678.26000000,47494.56800000,2026-08-21 09:59:59,32057882.09536000,183738,19686.56700000,13290183.09746000,0
2026-08-21 10:00:00,678.26000000,680.42000000,675.65000000,678.37000000,11802.11400000,2026-08-21 10:59:59,8005040.87014000,78634,6437.29900000,4366901.55262000,0
2026-08-21 11:00:00,678.37000000,680.19000000,671.28000000,674.44000000,15775.06300000,2026-08-21 11:59:59,10656140.34363000,89820,6057.44000000,4091743.27858000,0
2026-08-21 12:00:00,674.44000000,680.39000000,673.00000000,679.05000000,11026.23000000,2026-08-21 12:59:59,7457492.98991000,56635,5367.15100000,3630443.81395000,0
2026-08-21 13:00:00,679.06000000,680.42000000,678.36000000,679.37000000,1986.13800000,2026-08-21 13:59:59,1348664.90562000,12361,794.12500000,539391.20200000,0
