ts,open,high,low,close,vol,volCcy,volCcyQuote,confirm
1785880800000,1872.19,1876.92,1868.4,1875.79,1220.516288,2286097.71131318,2286097.71131318,1
1785884400000,1875.8,1881.5,1869.12,1869.83,1640.139314,3073345.39157106,3073345.39157106,1
1785888000000,1869.83,1873.76,1863.34,1864.06,1480.248901,2764121.74197981,2764121.74197981,1
1785891600000,1864.07,1874.46,1861.49,1873.43,938.586188,1753308.58329531,1753308.58329531,1
1785895200000,1873.41,1878.03,1872.27,1874.51,1373.099589,2574993.74441781,2574993.74441781,1
1785898800000,1874.51,1876.29,1864.16,1868,2323.349628,4341345.83031929,4341345.83031929,1
1785902400000,1868.03,1869.79,1865.05,1867.6,631.381602,1178923.24017327,1178923.24017327,1
1785906000000,1867.6,1877.93,1867.5,1873.36,1808.520579,3387841.49470549,3387841.49470549,1
1785909600000,1873.35,1873.76,1868.33,1869.93,773.68193,1447169.81826953,1447169.81826953,1
1785913200000,1870,1872.71,1863.32,1872.71,2527.914961,4717063.27485045,4717063.27485045,1
1785916800000,1872.7,1874.82,1867.91,1869.93,1337.000359,2502353.70624401,2502353.70624401,1
1785920400000,1869.94,1874.86,1868.86,1871.92,1329.638726,2489728.56083479,2489728.56083479,1
1785924000000,1871.93,1876.17,1865.81,1868.41,1585.123179,2966322.69987196,2966322.69987196,1
1785927600000,1868.44,1871.17,1867.28,1868.86,768.676113,1436847.74393964,1436847.74393964,1
1785931200000,1868.95,1885.29,1867.71,1876.1,3961.031425,7441302.81892074,7441302.81892074,1
1785934800000,1876.1,1879.59,1855.4,1878.66,7531.58265,14062191.29543785,14062191.29543785,1
1785938400000,1878.65,1883,1869.33,1875.84,3555.438184,6670843.62496558,6670843.62496558,1
1785942000000,1875.89,1882.6,1872.9,1873.71,2532.37994,4755638.86392221,4755638.86392221,1
1785945600000,1873.71,1897.31,1873.5,1895.81,6320.9734,11945928.97258602,11945928.97258602,1
1785949200000,1895.84,1917.99,1890.9,1917.03,9139.974584,17430037.04681754,17430037.04681754,1
1785952800000,1916.73,1928.1,1914.01,1918.11,10444.730684,20052702.21363015,20052702.21363015,1
1785956400000,1918.02,1921.23,1915.8,1917.02,2004.196045,3846067.16136397,3846067.16136397,1
1785960000000,1917.03,1924.76,1916.72,1917.1,2474.292991,4751319.31960898,4751319.31960898,1
1785963600000,1917.11,1917.54,1907.14,1908.78,2609.294567,4985711.06344453,4985711.06344453,1
1785967200000,1908.79,1913.51,1906.75,1907.03,1262.476429,2412101.53248055,2412101.53248055,1
1785970800000,1907.02,1912.45,1904.66,1909.18,1367.508316,2611007.3379863,2611007.3379863,1
1785974400000,1909.23,1913.99,1907.31,1910.45,1909.759411,3648369.95404286,3648369.95404286,1
1785978000000,1910.45,1911.32,1903.58,1906.94,1775.39451,3386441.38268823,3386441.38268823,1
1785981600000,1906.95,1910.99,1895.23,1899.35,4166.465282,7919599.04017697,7919599.04017697,1
1785985200000,1899.4,1899.68,1895.52,1898.91,1074.53254,2039176.96298028,2039176.96298028,1
1785988800000,1898.91,1908.31,1895.63,1907.82,2527.436314,4807757.89799761,4807757.89799761,1
1785992400000,1907.87,1918.61,1907.39,1914.29,3235.497545,6190597.95763841,6190597.95763841,1
1785996000000,1914.29,1914.79,1909.55,1913.69,1206.241546,2306175.12988842,2306175.12988842,1
1785999600000,1913.7,1915.35,1907.57,1909.27,2775.990471,5303494.591235,5303494.591235,1
1786003200000,1909.27,1920,1908.5,1916.39,2428.735235,4651168.87302156,4651168.87302156,1
1786006800000,1916.39,1916.93,1905,1907.97,2714.389778,5182544.63412024,5182544.63412024,1
1786010400000,1907.98,1907.98,1901.63,1902.79,1579.026099,3006879.87683213,3006879.87683213,1
1786014000000,1902.8,1909.28,1897,1907.79,4665.129786,8869191.00123565,8869191.00123565,1
1786017600000,1907.8,1908.19,1899.07,1899.14,2299.524775,4378360.4256676,4378360.4256676,1
1786021200000,1899.16,1911.41,1892.42,1907.43,4828.245403,9177420.76162511,9177420.76162511,1
1786024800000,1907.68,1918.7,1903.49,1914.97,4084.403324,7806642.43949517,7806642.43949517,1
1786028400000,1914.98,1919.8,1910.39,1910.86,3364.620281,6445205.62416192,6445205.62416192,1
1786032000000,1910.87,1916.77,1908.59,1915.64,1484.252754,2837698.06348534,2837698.06348534,1
1786035600000,1915.75,1918.51,1910.55,1914.06,1144.266925,2191295.40129256,2191295.40129256,1
1786039200000,1914.15,1914.4,1904.17,1906.17,1581.659902,3016930.26673007,3016930.26673007,1
1786042800000,1906.43,1911.21,1906,1909.94,703.156638,1341985.36119101,1341985.36119101,1
1786046400000,1909.84,1910.98,1906.03,1907.09,582.790517,1112175.67126401,1112175.67126401,1
1786050000000,1907.11,1909.75,1905.99,1906.26,906.634646,1729555.86100016,1729555.86100016,1
1786053600000,1906.27,1907.6,1902.56,1905.19,728.847576,1388321.44191652,1388321.44191652,1
1786057200000,1905.16,1905.94,1898.86,1904.13,1015.268514,1930625.47901516,1930625.47901516,1
1786060800000,1904.13,1905.57,1900,1903.95,902.02377,1716149.41205202,1716149.41205202,1
1786064400000,1903.98,1907.76,1899.14,1903.63,1224.968217,2331021.51515815,2331021.51515815,1
1786068000000,1903.6,1908.65,1897.78,1902.73,1763.624532,3356056.49577346,3356056.49577346,1
1786071600000,1902.83,1903.95,1896.3,1897.53,1361.033499,2585785.31190242,2585785.31190242,1
1786075200000,1897.54,1900.8,1894.54,1897.48,1451.617998,2754907.73070331,2754907.73070331,1
1786078800000,1897.49,1902.49,1895.57,1901.59,4677.211903,8873384.28790554,8873384.28790554,1
1786082400000,1901.6,1907.5,1900.2,1904.58,1759.951019,3351953.96267748,3351953.96267748,1
1786086000000,1904.57,1907.36,1902.44,1902.44,1212.13613,2309631.70744226,2309631.70744226,1
1786089600000,1902.44,1914.44,1901.9,1910.73,2537.025072,4842272.78570909,4842272.78570909,1
1786093200000,1910.74,1917.5,1910.45,1913.25,3135.622523,6001179.71245249,6001179.71245249,1
1786096800000,1913.21,1916,1912.53,1912.87,1372.800247,2627773.6980649,2627773.6980649,1
1786100400000,1912.89,1921.2,1912.64,1916.34,2193.814505,4205848.61225679,4205848.61225679,1
1786104000000,1916.35,1943.6,1916.35,1932.25,14344.267383,27705383.33540121,27705383.33540121,1
1786107600000,1932.25,1935.12,1921.76,1923.38,3993.175408,7701272.94884109,7701272.94884109,1
1786111200000,1923.38,1926.49,1910.71,1913.81,7798.688654,14962578.7058437,14962578.7058437,1
1786114800000,1914,1921,1913.11,1917.8,1746.711526,3349404.78783629,3349404.78783629,1
1786118400000,1918,1925,1909.69,1909.69,2860.901072,5482656.02577907,5482656.02577907,1
1786122000000,1909.69,1913.21,1905.3,1912.63,3423.950167,6535790.80175029,6535790.80175029,1
1786125600000,1912.54,1915.49,1906.38,1909.94,1014.854278,1939788.77304985,1939788.77304985,1
1786129200000,1909.95,1920.35,1909.95,1918.9,2611.809365,5008309.22833265,5008309.22833265,1
1786132800000,1918.84,1920.42,1914.37,1915,485.994911,931660.41249994,931660.41249994,1
1786136400000,1915,1929.41,1912.94,1916.74,6029.601037,11579672.7102643,11579672.7102643,1
1786140000000,1916.74,1916.78,1913.85,1915.1,608.810654,1165931.10751387,1165931.10751387,1
1786143600000,1915.1,1916.59,1914.07,1914.08,427.213133,818342.63542483,818342.63542483,1
1786147200000,1914.08,1914.99,1912.44,1914.46,618.282904,1183464.19860214,1183464.19860214,1
1786150800000,1914.51,1916.55,1914.13,1914.82,1003.408444,1921591.91002369,1921591.91002369,1
1786154400000,1914.82,1914.82,1912.44,1913.31,767.972236,1469551.29552725,1469551.29552725,1
1786158000000,1913.31,1919.4,1913.31,1918.05,737.557734,1413574.25521203,1413574.25521203,1
1786161600000,1918.05,1919.58,1916.42,1917.06,654.21672,1254604.00323822,1254604.00323822,1
1786165200000,1917.06,1918.98,1915.6,1917.55,598.151306,1146732.45669991,1146732.45669991,1
1786168800000,1917.56,1917.98,1916.27,1916.59,392.3138,752001.65811041,752001.65811041,1
1786172400000,1916.59,1916.95,1914.06,1915.21,465.574138,891768.43820275,891768.43820275,1
1786176000000,1915.22,1917.9,1914.77,1916.96,487.406004,934028.08024394,934028.08024394,1
1786179600000,1916.96,1923.3,1916.16,1918.9,1800.549114,3456143.32881924,3456143.32881924,1
1786183200000,1918.9,1922.75,1918.89,1921.09,702.900767,1350081.37955961,1350081.37955961,1
1786186800000,1921.09,1923.53,1919.08,1920.75,646.995379,1242648.87011075,1242648.87011075,1
1786190400000,1920.75,1922.59,1918.48,1919.17,731.431318,1404420.12779581,1404420.12779581,1
1786194000000,1919.17,1920.48,1918.51,1920.15,284.868933,546778.04214334,546778.04214334,1
1786197600000,1920.16,1926.58,1920.15,1923.76,1412.831281,2717655.41232888,2717655.41232888,1
1786201200000,1923.77,1924.4,1921.3,1922.61,660.689739,1270422.09733237,1270422.09733237,1
1786204800000,1922.61,1924.8,1921.48,1922.45,367.11411,705837.48074372,705837.48074372,1
1786208400000,1922.46,1926.26,1922.08,1923.81,546.625264,1051811.04915709,1051811.04915709,1
1786212000000,1923.81,1923.81,1919.71,1921.31,746.419413,1434044.30541918,1434044.30541918,1
1786215600000,1921.31,1921.85,1919.51,1920.59,550.571407,1057464.99666347,1057464.99666347,1
1786219200000,1920.59,1921.33,1919.86,1920.34,187.105196,359327.25079562,359327.25079562,1
1786222800000,1920.34,1922.62,1920.22,1920.95,407.414471,782714.0412808,782714.0412808,1
1786226400000,1920.96,1921.65,1916.33,1916.87,442.543889,849350.7252662,849350.7252662,1
1786230000000,1916.87,1919.15,1914.87,1917.07,497.458804,953600.97327833,953600.97327833,1
1786233600000,1917.08,1918.83,1916.37,1918.14,591.813464,1134906.0343899,1134906.0343899,1
1786237200000,1918.14,1920.41,1913.53,1916.37,1503.108342,2880796.76166083,2880796.76166083,1
1786240800000,1916.36,1917.09,1913.77,1915.02,419.050401,802758.86853385,802758.86853385,1
1786244400000,1915.02,1915.07,1912.41,1914.16,680.594704,1302476.34791913,1302476.34791913,1
1786248000000,1914.17,1916.17,1913.26,1913.5,703.092137,1345874.50341295,1345874.50341295,1
1786251600000,1913.5,1915.4,1913.2,1914.85,490.987219,939972.21931042,939972.21931042,1
1786255200000,1914.87,1919.65,1914.09,1919.38,1026.642742,1967939.72163553,1967939.72163553,1
1786258800000,1919.38,1919.38,1917.23,1919,735.958582,1411636.83087746,1411636.83087746,1
1786262400000,1919,1925,1914.08,1916.12,3169.779043,6084767.29767778,6084767.29767778,1
1786266000000,1916.12,1922,1913.61,1922,1241.551819,2380920.9956917,2380920.9956917,1
1786269600000,1921.64,1923,1919.24,1920.27,734.962392,1412049.06138161,1412049.06138161,1
1786273200000,1920.28,1921.61,1918.5,1919.23,513.01119,985036.88714619,985036.88714619,1
1786276800000,1919.24,1919.39,1916.39,1917.71,871.582733,1671441.80734281,1671441.80734281,1
1786280400000,1917.71,1926,1917.55,1923.48,2451.217768,4715366.96953133,4715366.96953133,1
1786284000000,1923.49,1926.58,1922.54,1925.09,1264.40206,2433429.34874438,2433429.34874438,1
1786287600000,1925.1,1927.24,1924.03,1926.39,1313.588994,2530566.95434008,2530566.95434008,1
1786291200000,1926.4,1927.08,1921.4,1924.13,703.635082,1354182.89739745,1354182.89739745,1
1786294800000,1924.13,1924.8,1923.07,1923.1,1261.058734,2426028.44622823,2426028.44622823,1
1786298400000,1923.1,1924.02,1920.33,1921.51,526.299993,1011405.78152971,1011405.78152971,1
1786302000000,1921.52,1922.67,1921.31,1922.12,325.192453,625051.00205718,625051.00205718,1
1786305600000,1922.11,1922.41,1918.08,1921.01,511.355292,981923.53281972,981923.53281972,1
1786309200000,1921.02,1926.8,1920,1924.73,851.32016,1638368.56290954,1638368.56290954,1
1786312800000,1924.74,1938,1915.12,1919.68,5508.33132,10619128.23253678,10619128.23253678,1
1786316400000,1919.62,1920.78,1907.64,1910.78,3378.459681,6463140.96841732,6463140.96841732,1
1786320000000,1910.77,1928.47,1906.24,1912.87,4485.598604,8599387.20754616,8599387.20754616,1
1786323600000,1912.87,1931.27,1908,1925.35,3739.55135,7181292.30571964,7181292.30571964,1
1786327200000,1925.36,1926.5,1913.09,1923.47,2437.141793,4680026.41528668,4680026.41528668,1
1786330800000,1923.46,1924.7,1913.8,1917.6,2185.076488,4193123.52814537,4193123.52814537,1
1786334400000,1917.56,1921.15,1912.63,1915.89,1317.133019,2524970.40979028,2524970.40979028,1
1786338000000,1915.89,1925,1915.26,1923.38,1596.683357,3066318.44779368,3066318.44779368,1
1786341600000,1923.38,1929.5,1923.1,1928.09,2387.144601,4599450.3815658,4599450.3815658,1
1786345200000,1928.1,1930.95,1924.78,1925.38,2403.590098,4634062.2018797,4634062.2018797,1
1786348800000,1925.38,1929.6,1923.3,1926.72,1655.202065,3188649.52139692,3188649.52139692,1
1786352400000,1926.71,1927.28,1916.05,1916.6,1729.970604,3321174.69971911,3321174.69971911,1
1786356000000,1916.6,1920.82,1916.29,1917.69,960.114078,1842052.38889114,1842052.38889114,1
1786359600000,1917.78,1921.3,1914.82,1920.47,1467.228435,2814015.38065101,2814015.38065101,1
1786363200000,1920.41,1923.29,1905.17,1906.12,4781.627449,9146046.00804758,9146046.00804758,1
1786366800000,1906.13,1910.69,1894.39,1897.73,11941.096881,22703964.62189081,22703964.62189081,1
1786370400000,1897.73,1902.84,1891.66,1893.64,6683.295812,12686444.85565229,12686444.85565229,1
1786374000000,1893.63,1893.63,1871.42,1877.09,11807.899936,22207258.07313625,22207258.07313625,1
1786377600000,1877.09,1878.93,1869,1872.47,5296.149591,9924459.77010846,9924459.77010846,1
1786381200000,1872.5,1877.37,1868.69,1873.85,2384.709632,4468661.58988335,4468661.58988335,1
1786384800000,1873.85,1875.41,1868.14,1872.87,2048.050853,3833458.88433166,3833458.88433166,1
1786388400000,1872.81,1880.59,1872.1,1878.54,1916.177835,3597294.36173202,3597294.36173202,1
1786392000000,1878.67,1881.36,1877.68,1879.87,865.171124,1626206.66904987,1626206.66904987,1
1786395600000,1879.88,1879.88,1873.51,1874.52,1308.863215,2455766.6159617,2455766.6159617,1
1786399200000,1874.52,1878.32,1872.2,1876.36,1027.19162,1925893.0540084,1925893.0540084,1
1786402800000,1876.36,1876.36,1870.33,1873.19,1375.508023,2576099.05946637,2576099.05946637,1
1786406400000,1873.19,1876.14,1870.92,1875.36,1014.2901,1900411.21459009,1900411.21459009,1
1786410000000,1875.35,1878.73,1873.63,1878.13,1528.347159,2867754.41499053,2867754.41499053,1
1786413600000,1878.04,1879.72,1877.31,1878.69,1169.127344,2196179.44997723,2196179.44997723,1
1786417200000,1878.7,1881.74,1878.7,1880.99,815.124857,1532755.58011144,1532755.58011144,1
1786420800000,1880.99,1881.99,1876.15,1876.16,1202.629784,2259370.78043898,2259370.78043898,1
1786424400000,1876.16,1877.11,1872.24,1874.26,1090.317691,2044632.41152306,2044632.41152306,1
1786428000000,1874.19,1875.36,1871.37,1874.51,1490.729312,2792416.39521436,2792416.39521436,1
1786431600000,1874.5,1879.61,1870.77,1878.1,3176.88341,5960917.18233839,5960917.18233839,1
1786435200000,1878.1,1880.52,1875.6,1879.31,932.720716,1751593.06224579,1751593.06224579,1
1786438800000,1879.3,1885.45,1877.51,1885.4,1591.866857,2993634.62803995,2993634.62803995,1
1786442400000,1885.43,1889,1882.82,1886.32,2982.872848,5627854.5969327,5627854.5969327,1
1786446000000,1886.32,1895.61,1886.26,1893.15,3402.934736,6440316.55680282,6440316.55680282,1
1786449600000,1893.16,1897.99,1887.4,1887.88,2858.369213,5409222.54268978,5409222.54268978,1
1786453200000,1887.83,1892.67,1883.29,1890.24,2433.491762,4595201.44090319,4595201.44090319,1
1786456800000,1890.11,1891.7,1870.33,1873.67,4502.974603,8457557.64388918,8457557.64388918,1
1786460400000,1873.66,1877.88,1853.76,1862.75,9418.193508,17555082.07654729,17555082.07654729,1
1786464000000,1862.9,1867.24,1859.85,1865,4118.117046,7674103.13664954,7674103.13664954,1
1786467600000,1864.9,1868.11,1863.01,1864.77,935.4771,1744802.70804734,1744802.70804734,1
1786471200000,1864.77,1866.82,1860,1866,1106.845984,2063167.6448621,2063167.6448621,1
1786474800000,1866,1884.8,1862.83,1881.66,2577.988295,4833202.26377405,4833202.26377405,1
1786478400000,1881.99,1885.44,1879,1882.39,1349.580258,2539892.93266594,2539892.93266594,1
1786482000000,1882.38,1885.47,1880.39,1884.66,1560.383681,2938162.65725094,2938162.65725094,1
1786485600000,1884.66,1887.56,1879.54,1882.26,1307.294333,2462530.24615352,2462530.24615352,1
1786489200000,1882.27,1884.5,1878.67,1882.73,834.017999,1569093.02800889,1569093.02800889,1
1786492800000,1882.71,1883.54,1880.65,1882.48,845.194296,1591096.80740638,1591096.80740638,1
1786496400000,1882.49,1886.62,1881.05,1884.69,1561.10087,2941262.08453332,2941262.08453332,1
1786500000000,1884.69,1887.96,1883.54,1884.46,1299.442958,2450647.01826966,2450647.01826966,1
1786503600000,1884.47,1887.47,1882.88,1886.66,803.627411,1514818.27692453,1514818.27692453,1
1786507200000,1886.67,1893.27,1885.46,1889.48,1928.381107,3645050.76080812,3645050.76080812,1
1786510800000,1889.49,1892.46,1886.6,1891.77,1387.678115,2623515.94487445,2623515.94487445,1
1786514400000,1891.71,1891.71,1885.47,1887.73,901.112023,1701160.43631688,1701160.43631688,1
1786518000000,1887.87,1891.82,1886.02,1891.7,1434.624787,2710800.06030611,2710800.06030611,1
1786521600000,1891.71,1895.99,1890.54,1890.86,1990.501277,3768490.74306749,3768490.74306749,1
1786525200000,1890.86,1909.58,1889.9,1905.83,5827.033091,11084371.78511325,11084371.78511325,1
1786528800000,1905.84,1915.38,1905.78,1909.23,3956.773252,7563427.21407004,7563427.21407004,1
1786532400000,1909.22,1916,1907.36,1915.72,2332.370094,4460577.87203941,4460577.87203941,1
1786536000000,1915.7,1925.01,1905.71,1911.28,10067.813567,19288395.88708666,19288395.88708666,1
1786539600000,1911.29,1912.53,1900.09,1901.15,3858.333219,7354730.38823086,7354730.38823086,1
1786543200000,1901.08,1903.51,1885.12,1887.85,6682.219792,12650977.74674109,12650977.74674109,1
1786546800000,1887.85,1896.35,1884.52,1892.81,2071.644735,3920632.74621529,3920632.74621529,1
1786550400000,1892.81,1895.74,1889.26,1890.71,1237.383297,2341416.65721056,2341416.65721056,1
1786554000000,1890.71,1891.92,1885.04,1888.18,1970.756094,3722272.7175422,3722272.7175422,1
1786557600000,1888.17,1891.4,1885.59,1885.62,1333.90689,2517945.61046824,2517945.61046824,1
1786561200000,1885.63,1886.98,1878.05,1879.7,2820.695092,5307045.6881099,5307045.6881099,1
1786564800000,1879.4,1887.82,1877.86,1886.83,1532.356652,2885874.76725822,2885874.76725822,1
1786568400000,1886.83,1889.54,1873.67,1878.17,3001.964625,5643816.6871843,5643816.6871843,1
1786572000000,1878.18,1881.4,1876,1878.59,842.812804,1583447.84412688,1583447.84412688,1
1786575600000,1878.57,1880.37,1875,1879.88,1209.327489,2270781.88477416,2270781.88477416,1
1786579200000,1879.88,1885.42,1877.39,1880.24,1618.63245,3044888.23379228,3044888.23379228,1
1786582800000,1880.24,1883,1875.17,1878.21,1416.236287,2661055.9254918,2661055.9254918,1
1786586400000,1878.2,1883.33,1873.38,1881.91,1744.967812,3277444.40075404,3277444.40075404,1
1786590000000,1881.9,1888.77,1881.78,1887.55,2168.215947,4087127.70721172,4087127.70721172,1
1786593600000,1887.53,1895,1885.58,1892.42,2095.505056,3958993.64903133,3958993.64903133,1
1786597200000,1892.43,1900,1891.75,1895.77,2289.990069,4344772.84732994,4344772.84732994,1
1786600800000,1895.77,1898.5,1891.94,1898.5,1313.844562,2488937.99267422,2488937.99267422,1
1786604400000,1898.5,1898.78,1895.14,1895.47,791.514384,1501608.28420561,1501608.28420561,1
1786608000000,1895.48,1897.06,1888.18,1889.9,2436.524717,4610214.82285466,4610214.82285466,1
1786611600000,1889.9,1890.59,1881.49,1889.66,1780.456392,3359658.95682371,3359658.95682371,1
1786615200000,1889.66,1890.4,1882.31,1883.32,2358.502886,4447172.72701956,4447172.72701956,1
1786618800000,1883.33,1883.86,1875.58,1880.4,1798.003211,3378318.73962559,3378318.73962559,1
1786622400000,1880.4,1890.08,1879.04,1888.93,2161.417022,4076233.13732135,4076233.13732135,1
1786626000000,1888.93,1895.5,1887.01,1890.4,2096.974157,3966304.52620599,3966304.52620599,1
1786629600000,1890.5,1897.65,1888.66,1893.36,1794.052997,3397175.16639325,3397175.16639325,1
1786633200000,1893.37,1896,1880.1,1880.22,2404.445668,4538608.41612152,4538608.41612152,1
1786636800000,1880.23,1884.92,1863.69,1874.94,8908.998771,16670720.10343002,16670720.10343002,1
1786640400000,1874.96,1881.1,1873.63,1876.98,1519.623861,2853286.95727949,2853286.95727949,1
1786644000000,1876.97,1887.5,1876.5,1885.58,1115.515401,2099403.62256042,2099403.62256042,1
1786647600000,1885.56,1892.66,1885.19,1887.4,1996.403889,3769744.82465344,3769744.82465344,1
1786651200000,1887.43,1889.76,1885.43,1886.42,943.388051,1780670.30040616,1780670.30040616,1
1786654800000,1886.43,1889.58,1886.11,1888.88,582.360439,1099671.82115962,1099671.82115962,1
1786658400000,1888.93,1893.44,1888.75,1889.44,1457.846172,2756449.88166214,2756449.88166214,1
1786662000000,1889.45,1889.56,1884.5,1886.38,785.522809,1481811.21882198,1481811.21882198,1
1786665600000,1886.39,1889.5,1883.77,1889.44,708.835435,1337705.37686988,1337705.37686988,1
1786669200000,1889.39,1890.33,1885.04,1889.56,809.75672,1529039.10515397,1529039.10515397,1
1786672800000,1889.57,1891.42,1886.04,1886.74,724.850665,1368540.67729871,1368540.67729871,1
1786676400000,1886.74,1889.25,1882.22,1883.11,1198.884484,2259920.93350616,2259920.93350616,1
1786680000000,1883.12,1888.05,1882.15,1885.03,617.354917,1164144.01326746,1164144.01326746,1
1786683600000,1885.03,1885.68,1880.8,1884.21,1133.481606,2134432.51574927,2134432.51574927,1
1786687200000,1884.21,1884.21,1872.76,1873,2133.148277,4005012.76827012,4005012.76827012,1
1786690800000,1873,1878.82,1872.49,1873.38,3205.995628,6012649.06051788,6012649.06051788,1
1786694400000,1873.38,1878.87,1869.56,1878.87,2899.812931,5431986.25243205,5431986.25243205,1
1786698000000,1878.88,1878.94,1871.43,1873.25,1671.639036,3134207.23817607,3134207.23817607,1
1786701600000,1873.26,1878.31,1872.34,1875.98,1611.042606,3022762.21975201,3022762.21975201,1
1786705200000,1876,1881.4,1875.12,1878.19,1654.878599,3107872.80822488,3107872.80822488,1
1786708800000,1878.21,1879.56,1873,1873.31,2228.851669,4181660.18746636,4181660.18746636,1
1786712400000,1873.49,1873.96,1866.5,1870.25,4698.955265,8786181.23959931,8786181.23959931,1
1786716000000,1870.12,1873.47,1864.32,1866.9,4740.331122,8854826.39633491,8854826.39633491,1
1786719600000,1866.9,1884.54,1866.1,1881.41,4618.81953,8665921.67993034,8665921.67993034,1
1786723200000,1881.4,1888.25,1879.37,1885.47,2846.059484,5361151.89412211,5361151.89412211,1
1786726800000,1885.51,1888,1876.64,1878.62,2712.308068,5107804.99125606,5107804.99125606,1
1786730400000,1878.63,1878.98,1873.77,1875.7,1917.921752,3598577.70431429,3598577.70431429,1
1786734000000,1875.71,1881.95,1873.81,1880.87,1542.477348,2895838.93049466,2895838.93049466,1
1786737600000,1880.77,1881.87,1878.72,1880.51,761.059822,1430894.46159344,1430894.46159344,1
1786741200000,1880.51,1881.39,1877.32,1879.42,740.725096,1391954.90779372,1391954.90779372,1
1786744800000,1879.43,1881.11,1876,1879.61,474.378485,891198.60715488,891198.60715488,1
1786748400000,1879.61,1882.62,1878.66,1882.15,811.472267,1525939.98731774,1525939.98731774,1
1786752000000,1882.15,1883.43,1881.69,1882.44,837.408092,1576496.05342209,1576496.05342209,1
1786755600000,1882.44,1884.57,1881.03,1884.05,775.422423,1460247.5209619,1460247.5209619,1
1786759200000,1884.06,1885.8,1884.06,1884.99,683.804288,1288957.017875,1288957.017875,1
1786762800000,1884.99,1886.6,1882.82,1882.82,848.875369,1599801.75686527,1599801.75686527,1
1786766400000,1882.83,1885.77,1882.83,1884.4,502.202471,946288.30376338,946288.30376338,1
1786770000000,1884.4,1885.31,1880,1880.84,857.472257,1614155.23207105,1614155.23207105,1
1786773600000,1880.84,1883.72,1879.99,1882.25,572.213995,1076454.98358429,1076454.98358429,1
1786777200000,1882.26,1882.51,1880.2,1880.54,828.985999,1559558.95494814,1559558.95494814,1
1786780800000,1880.55,1881.61,1876.66,1877.11,625.515553,1175302.32728471,1175302.32728471,1
1786784400000,1877.11,1881.42,1875.81,1880.54,722.251373,1356632.66401806,1356632.66401806,1
1786788000000,1880.56,1881.49,1878.28,1881,402.221809,756106.68529072,756106.68529072,1
1786791600000,1880.93,1881.36,1879.19,1879.34,378.452913,711566.93252226,711566.93252226,1
1786795200000,1879.34,1884,1878.24,1883.85,700.41597,1317073.68025036,1317073.68025036,1
1786798800000,1883.84,1885,1882.33,1883.67,965.014113,1817820.62183019,1817820.62183019,1
1786802400000,1883.67,1884.7,1881.51,1883.51,529.806342,997737.01607368,997737.01607368,1
1786806000000,1883.51,1885.94,1883.06,1884.94,513.694279,968078.84971685,968078.84971685,1
1786809600000,1884.94,1885.84,1883.85,1884.86,541.340898,1020360.42351752,1020360.42351752,1
1786813200000,1884.86,1886.48,1882.9,1884.5,586.748012,1105766.87587293,1105766.87587293,1
1786816800000,1884.51,1885.99,1882.64,1882.74,507.67897,956363.83122006,956363.83122006,1
1786820400000,1882.75,1885.05,1882.73,1884.66,377.842829,711946.11694761,711946.11694761,1
1786824000000,1884.67,1884.67,1882.81,1883.38,487.15175,917565.41918846,917565.41918846,1
1786827600000,1883.38,1885.57,1883.37,1885.08,433.574708,816994.10879899,816994.10879899,1
1786831200000,1885.09,1885.83,1884.28,1884.58,321.32309,605727.94181428,605727.94181428,1
1786834800000,1884.59,1884.64,1881.64,1882.89,529.371335,996815.72226048,996815.72226048,1
1786838400000,1882.9,1883.46,1881.82,1882.65,364.134965,685546.64689195,685546.64689195,1
1786842000000,1882.65,1882.65,1877.24,1880.64,651.300542,1224573.57447793,1224573.57447793,1
1786845600000,1880.66,1885.25,1879.08,1883.68,772.758517,1455498.82297998,1455498.82297998,1
1786849200000,1883.68,1884.32,1883.08,1883.28,245.980254,463361.65790067,463361.65790067,1
1786852800000,1883.29,1884.59,1880.79,1881.81,350.956656,660783.26934808,660783.26934808,1
1786856400000,1881.81,1882.11,1879.4,1879.9,506.357993,952307.02841192,952307.02841192,1
1786860000000,1879.92,1881.83,1879,1880.72,534.712115,1005439.93461164,1005439.93461164,1
1786863600000,1880.73,1881.92,1880,1881.56,256.204793,481977.95195697,481977.95195697,1
1786867200000,1881.56,1881.56,1880.52,1880.98,274.300014,515938.21996158,515938.21996158,1
1786870800000,1881,1882.39,1879.23,1880.31,560.129768,1053483.57760727,1053483.57760727,1
1786874400000,1880.32,1881.22,1879.74,1880.88,373.946077,703172.9153964,703172.9153964,1
1786878000000,1880.88,1881.33,1880.1,1880.87,805.743528,1515223.82388343,1515223.82388343,1
1786881600000,1880.87,1880.88,1879.3,1879.88,259.94033,488713.71294442,488713.71294442,1
1786885200000,1879.88,1882,1879.87,1881.77,583.560577,1097808.47885542,1097808.47885542,1
1786888800000,1881.78,1884.35,1881.77,1883.41,693.526778,1305848.26556501,1305848.26556501,1
1786892400000,1883.42,1884.9,1882.31,1883.99,734.442041,1383576.99473092,1383576.99473092,1
1786896000000,1884,1892.3,1884,1889.35,2300.10586,4344290.50378559,4344290.50378559,1
1786899600000,1889.35,1891.02,1883.93,1885.3,677.042283,1277625.54376216,1277625.54376216,1
1786903200000,1885.29,1886.59,1882.5,1885.59,444.929396,838804.98128293,838804.98128293,1
1786906800000,1885.6,1888.86,1884.5,1885.93,426.292834,804405.24741726,804405.24741726,1
1786910400000,1885.94,1887.59,1881.6,1882.06,443.826192,836505.40977595,836505.40977595,1
1786914000000,1882.1,1883.03,1869.82,1875.59,3083.996201,5785411.29138203,5785411.29138203,1
1786917600000,1875.6,1878.32,1869.41,1876.22,1282.338458,2402632.40712238,2402632.40712238,1
1786921200000,1876.3,1877.65,1873.61,1876.17,1429.983625,2682301.03582174,2682301.03582174,1
1786924800000,1876.26,1880.32,1872.61,1878.97,1556.423918,2919187.83443112,2919187.83443112,1
1786928400000,1878.96,1897.1,1878.18,1891.55,4979.552871,9417671.31247225,9417671.31247225,1
1786932000000,1891.56,1908.33,1888.62,1902.57,4516.342201,8575652.92836374,8575652.92836374,1
1786935600000,1902.59,1904.76,1898,1900.94,2015.91064,3833398.15415857,3833398.15415857,1
1786939200000,1900.95,1904.9,1900.95,1903.32,2402.150603,4571772.93382797,4571772.93382797,1
1786942800000,1903.38,1904.1,1898.2,1899.59,1662.259959,3159426.10393753,3159426.10393753,1
1786946400000,1899.57,1912.49,1897.99,1906.96,3275.539938,6242228.96950294,6242228.96950294,1
1786950000000,1906.97,1907.83,1900.57,1900.77,3539.318902,6735678.26291764,6735678.26291764,1
1786953600000,1900.74,1901.63,1891.61,1894.4,2994.152292,5674437.23863671,5674437.23863671,1
1786957200000,1894.41,1897.7,1893.12,1893.93,1507.748508,2858026.18930762,2858026.18930762,1
1786960800000,1893.93,1909.57,1892.29,1907.01,3887.63059,7400602.54734185,7400602.54734185,1
1786964400000,1907,1908.6,1903.91,1904.42,1096.637369,2090618.86032864,2090618.86032864,1
1786968000000,1904.42,1906.63,1896.85,1899.09,3043.563701,5786053.45574427,5786053.45574427,1
1786971600000,1899.09,1909.39,1895.82,1904.88,2893.156532,5506403.79642501,5506403.79642501,1
1786975200000,1904.94,1910.68,1898.52,1909.58,2279.956054,4343931.07753588,4343931.07753588,1
1786978800000,1909.6,1916.07,1904.54,1913.26,4061.514487,7759355.06781049,7759355.06781049,1
1786982400000,1913.26,1914.11,1905.5,1907.17,2176.508474,4156747.99620271,4156747.99620271,1
1786986000000,1907.17,1914.2,1904.46,1908.89,1625.56319,3103266.03788655,3103266.03788655,1
1786989600000,1908.88,1912.87,1907.19,1910.17,2045.048221,3905512.23524455,3905512.23524455,1
1786993200000,1910.17,1911.1,1906.64,1907.38,1630.010055,3111049.68763028,3111049.68763028,1
1786996800000,1907.37,1910.72,1905.09,1906.82,1720.295591,3280976.94232416,3280976.94232416,1
1787000400000,1906.82,1908.81,1906.01,1906.37,647.838622,1235396.63838835,1235396.63838835,1
1787004000000,1906.44,1908,1903.49,1904.48,645.159563,1229001.25839791,1229001.25839791,1
1787007600000,1904.51,1918.67,1904.01,1913.66,2866.431891,5486979.53563965,5486979.53563965,1
1787011200000,1913.66,1914.94,1908.77,1910.23,1334.740577,2550737.17521437,2550737.17521437,1
1787014800000,1910.26,1910.52,1900,1901.68,1926.256478,3668360.30317227,3668360.30317227,1
1787018400000,1901.67,1903.74,1889.34,1893.26,4719.246226,8944030.24023428,8944030.24023428,1
1787022000000,1893.27,1895.61,1885.84,1894.7,3412.277508,6454485.22145937,6454485.22145937,1
1787025600000,1894.7,1897.77,1891.5,1896.73,923.14062,1749510.07524852,1749510.07524852,1
1787029200000,1896.74,1898.95,1892.59,1895.6,2129.174909,4036542.72046615,4036542.72046615,1
1787032800000,1895.59,1906.8,1893.53,1902.82,2508.788182,4768323.40314186,4768323.40314186,1
1787036400000,1902.82,1903.19,1897.22,1898.57,1591.236314,3023975.94774315,3023975.94774315,1
1787040000000,1898.57,1902.07,1893.64,1900.48,2065.329673,3919544.72843792,3919544.72843792,1
1787043600000,1900.48,1900.48,1895.66,1896.87,1237.448266,2348371.9377509,2348371.9377509,1
1787047200000,1896.87,1899.2,1895.25,1898.11,656.218485,1244881.5593359,1244881.5593359,1
1787050800000,1898.1,1905.74,1897.72,1903.22,1189.225598,2263485.33679136,2263485.33679136,1
1787054400000,1903.22,1904.18,1899.04,1899.47,732.976046,1393404.93502591,1393404.93502591,1
1787058000000,1899.48,1900.27,1894.13,1898.06,2408.098686,4567385.51340918,4567385.51340918,1
1787061600000,1898.05,1923.23,1897.37,1911.2,10268.717512,19643383.71218863,19643383.71218863,1
1787065200000,1911.29,1919.51,1908.42,1917.79,5392.86894,10330420.76329186,10330420.76329186,1
1787068800000,1917.8,1922.21,1912.55,1918.49,2842.89132,5450927.86515682,5450927.86515682,1
1787072400000,1918.49,1918.79,1911.41,1911.42,2568.966105,4919399.49697628,4919399.49697628,1
1787076000000,1911.41,1917.54,1910.8,1916.57,931.716709,1784413.71259806,1784413.71259806,1
1787079600000,1916.56,1917.56,1913.03,1913.44,820.561599,1571481.74491088,1571481.74491088,1
1787083200000,1913.49,1915.81,1911.85,1912.86,1533.18674,2933640.17874485,2933640.17874485,1
1787086800000,1912.87,1914.98,1911.22,1912.21,644.904686,1233475.25455475,1233475.25455475,1
1787090400000,1912.22,1915.47,1911.88,1913.65,1090.338818,2086752.10456196,2086752.10456196,1
1787094000000,1913.66,1920.29,1913.05,1917.88,1394.444036,2674266.66925476,2674266.66925476,1
1787097600000,1917.88,1919.08,1911.95,1913.52,1737.642949,3328207.52192304,3328207.52192304,1
1787101200000,1913.52,1918.22,1912.41,1913.73,1880.421046,3600610.4311355,3600610.4311355,1
1787104800000,1913.77,1914.14,1907.34,1907.93,1964.266305,3752152.64997753,3752152.64997753,1
1787108400000,1907.94,1915.58,1906.09,1912.22,1930.781533,3689551.7913728,3689551.7913728,1
1787112000000,1912.21,1914.63,1910.36,1910.84,1113.900956,2129409.07938353,2129409.07938353,1
1787115600000,1910.77,1913.99,1910,1910.31,1019.308808,1949015.8632781,1949015.8632781,1
1787119200000,1910.31,1917.52,1906.51,1917.52,2158.462798,4126455.56102657,4126455.56102657,1
1787122800000,1917.52,1921.37,1915.45,1915.84,3869.685116,7426246.52953656,7426246.52953656,1
1787126400000,1915.85,1929.95,1915.25,1921.57,3575.146734,6876467.35290511,6876467.35290511,1
1787130000000,1921.58,1923.99,1918.3,1919.36,1148.145958,2205760.32451294,2205760.32451294,1
1787133600000,1919.37,1920.34,1917.56,1920.34,710.576694,1363390.935674,1363390.935674,1
1787137200000,1920.34,1926.21,1919.92,1923.03,1182.285315,2274099.43460013,2274099.43460013,1
1787140800000,1923.04,1943.12,1922.4,1937.31,7081.369768,13700379.02917615,13700379.02917615,1
1787144400000,1937.21,1941.6,1928.34,1932.8,5529.273052,10699189.11788604,10699189.11788604,1
1787148000000,1932.88,1980,1932.88,1970.72,17862.779825,34928863.73503627,34928863.73503627,1
1787151600000,1970.72,2119.65,1967.37,2085.9,93444.987845,192127467.67354721,192127467.67354721,1
1787155200000,2085.74,2107.95,2082.38,2089.5,24725.164705,51815808.96858216,51815808.96858216,1
1787158800000,2089.51,2092.95,2067.8,2090.86,11106.658308,23108146.87225203,23108146.87225203,1
1787162400000,2090.86,2092.72,2079.01,2091.79,5096.992157,10640623.11063337,10640623.11063337,1
1787166000000,2091.74,2105.52,2089.09,2101.82,6982.428935,14643642.0533983,14643642.0533983,1
1787169600000,2101.74,2245.28,2101.74,2218.36,46674.054511,101760236.82962579,101760236.82962579,1
1787173200000,2218.68,2335,2216.44,2286.37,71349.420393,162546303.71407901,162546303.71407901,1
1787176800000,2286.38,2290.32,2241.39,2250,18139.405564,41039512.97377906,41039512.97377906,1
1787180400000,2250.25,2262,2243.23,2252.67,10066.744867,22652381.69160409,22652381.69160409,1
1787184000000,2252.67,2273.66,2251.73,2262.4,11684.180549,26443426.79382898,26443426.79382898,1
1787187600000,2262.52,2270.64,2250,2266.56,6780.922578,15324504.94519793,15324504.94519793,1
1787191200000,2266.61,2270.63,2250,2251.9,4114.737423,9298358.99250669,9298358.99250669,1
1787194800000,2251.98,2257.92,2222.83,2251.35,10538.950886,23600745.39424052,23600745.39424052,1
1787198400000,2251.35,2258.46,2248.43,2250.11,3036.862245,6842594.06130368,6842594.06130368,1
1787202000000,2250.11,2256.83,2243.75,2248.26,3592.642588,8089519.48943523,8089519.48943523,1
1787205600000,2248.44,2267.32,2238.96,2262.7,8975.152728,20246843.19921762,20246843.19921762,1
1787209200000,2262.64,2263.98,2244.5,2251.72,7953.553461,17901038.85988884,17901038.85988884,1
1787212800000,2251.73,2286.64,2249.04,2282.34,14355.557357,32641622.07922047,32641622.07922047,1
1787216400000,2282.39,2298.49,2275.54,2279,12888.297511,29492567.11027074,29492567.11027074,1
1787220000000,2279,2295.68,2275.75,2287.06,5502.465392,12577006.76293857,12577006.76293857,1
1787223600000,2286.95,2319.19,2282.28,2296.43,13761.786231,31705639.76719608,31705639.76719608,1
1787227200000,2296.34,2300.57,2267.77,2290.31,13755.933437,31368503.69850042,31368503.69850042,1
1787230800000,2290.33,2298.08,2256,2276.77,14874.225058,33889432.58950829,33889432.58950829,1
1787234400000,2276.45,2289.06,2271.47,2281.18,4805.800562,10956634.75038081,10956634.75038081,1
1787238000000,2281.19,2337.94,2281.19,2325.77,20652.939571,47717021.29200571,47717021.29200571,1
1787241600000,2325.77,2359.45,2314.07,2344.44,15966.507462,37332656.75638438,37332656.75638438,1
1787245200000,2344.43,2351.16,2332.37,2343.98,7136.794564,16716565.72164724,16716565.72164724,1
1787248800000,2343.97,2347.67,2310.01,2315.9,10444.241945,24268229.59790318,24268229.59790318,1
1787252400000,2315.89,2332.35,2311.77,2323.72,4095.85068,9521818.56043709,9521818.56043709,1
1787256000000,2323.75,2331.42,2313.67,2318.33,3141.686436,7293145.97594959,7293145.97594959,1
1787259600000,2318.34,2325.68,2313.41,2318.71,2426.089398,5626634.34018843,5626634.34018843,1
1787263200000,2318.72,2319.19,2307.17,2314.32,2911.582381,6734673.26928396,6734673.26928396,1
1787266800000,2314.32,2340.49,2312.89,2326.96,3258.083954,7586083.24577388,7586083.24577388,1
1787270400000,2326.82,2351.42,2325,2340.59,8594.031918,20106457.23381289,20106457.23381289,1
1787274000000,2340.49,2381.76,2338,2359.24,17818.096253,42093439.08756395,42093439.08756395,1
1787277600000,2359.39,2364.99,2343.31,2345.63,7996.244329,18812736.80516436,18812736.80516436,1
1787281200000,2345.67,2354.51,2337.06,2341.05,4076.373143,9566161.40104089,9566161.40104089,1
1787284800000,2341.06,2355.87,2341.06,2354.47,2742.199634,6440421.18588632,6440421.18588632,1
1787288400000,2354.48,2368.64,2349.45,2368.32,4941.859937,11650658.3331519,11650658.3331519,1
1787292000000,2368.33,2382.49,2355.24,2372.53,8499.286887,20159498.22666408,20159498.22666408,1
1787295600000,2372.33,2398.82,2368.56,2371.84,23685.509672,56429763.52439381,56429763.52439381,1
1787299200000,2371.73,2448.12,2370.24,2444.52,31269.968779,75564676.22363916,75564676.22363916,1
1787302800000,2444.52,2446.52,2375.32,2403.88,34105.479782,81883570.00739609,81883570.00739609,1
1787306400000,2404.05,2411.49,2390.1,2395.35,6141.196241,14735983.38161842,14735983.38161842,1
1787310000000,2395.34,2399,2357.01,2370.62,13704.00759,32549006.67530244,32549006.67530244,1
1787313600000,2370.49,2397.53,2365.39,2388.96,11823.223289,28182611.68152443,28182611.68152443,1
1787317200000,2388.96,2396.4,2382.68,2384.45,2676.845475,6389629.93621173,6389629.93621173,0
