open_time,open,high,low,close
2026-07-28 20:00:00,8.01000000,8.53588123,7.67919427,8.31000708
2026-07-28 21:00:00,8.30610711,8.59000000,8.27000000,8.50000000
2026-07-28 22:00:00,8.50000000,8.53437558,6.99564934,7.13000000
2026-07-28 23:00:00,7.12000000,8.45000000,7.12000000,8.36061252
2026-07-29 00:00:00,8.36051091,8.82480856,8.10663933,8.29972595
2026-07-29 01:00:00,8.29068003,8.33904999,7.27665403,7.44781080
2026-07-29 02:00:00,7.45000000,7.61000000,7.19250163,7.24000000
2026-07-29 03:00:00,7.24000000,7.40000000,6.70000000,6.85464124
2026-07-29 04:00:00,6.85551705,7.06360539,6.48154710,7.02489838
2026-07-29 05:00:00,7.02131304,7.49000000,6.96483283,7.31219851
2026-07-29 06:00:00,7.31343315,7.57558434,7.11941504,7.51000000
2026-07-29 07:00:00,7.51000000,7.71000000,7.41060888,7.53000000
2026-07-29 08:00:00,7.53000000,7.72271362,7.36430359,7.65000000
2026-07-29 09:00:00,7.64973797,8.42041302,7.63584365,8.29000000
2026-07-29 10:00:00,8.29000000,8.39187525,7.66000000,7.69000000
2026-07-29 11:00:00,7.70000000,8.12608852,7.66000000,8.03000000
2026-07-29 12:00:00,8.04000000,8.07000000,7.68000000,7.93218793
2026-07-29 13:00:00,7.93257310,8.38030398,6.85000000,7.11000000
2026-07-29 14:00:00,7.11618635,7.62812573,6.67254824,6.97970637
2026-07-29 15:00:00,6.97905878,7.12210840,6.67087850,6.92000000
2026-07-29 16:00:00,6.92000000,7.03255820,6.60099853,6.98968277
2026-07-29 17:00:00,6.98998457,7.43520947,6.98585952,7.33000000
2026-07-29 18:00:00,7.33000000,8.27000000,7.30000000,8.26000000
2026-07-29 19:00:00,8.27000000,8.41186568,6.68000000,6.82796928
2026-07-29 20:00:00,6.82599211,6.96797589,6.42000000,6.52000000
2026-07-29 21:00:00,6.51000000,6.57979387,6.20391494,6.53433915
2026-07-29 22:00:00,6.53574931,6.86926106,6.52891435,6.64000000
2026-07-29 23:00:00,6.64000000,6.77918759,6.55000000,6.70950129
2026-07-30 00:00:00,6.70803385,6.92023253,6.56163750,6.84000000
2026-07-30 01:00:00,6.83000000,7.52640951,6.80000000,7.27878849
2026-07-30 02:00:00,7.27808245,7.39677073,6.84467316,6.87000000
2026-07-30 03:00:00,6.87000000,7.05744709,6.70886165,6.95000000
2026-07-30 04:00:00,6.94953176,7.01860603,6.76000000,6.80202776
2026-07-30 05:00:00,6.80092718,6.93206432,6.70890756,6.86197463
2026-07-30 06:00:00,6.86306815,6.89311503,6.67363830,6.70000000
2026-07-30 07:00:00,6.70000000,6.82000000,6.61894259,6.64107794
2026-07-30 08:00:00,6.64200374,6.91575506,6.56590971,6.73146321
2026-07-30 09:00:00,6.73148208,7.01328790,6.72335396,6.93986342
2026-07-30 10:00:00,6.93950710,7.27000000,6.91000000,7.07994598
2026-07-30 11:00:00,7.07272419,7.67108839,7.07130959,7.53420932
2026-07-30 12:00:00,7.53432899,8.02000000,7.44000000,7.92000000
2026-07-30 13:00:00,7.92000000,9.81384429,7.80687971,9.77005959
2026-07-30 14:00:00,9.78508712,10.24745453,9.26804573,9.83301504
2026-07-30 15:00:00,9.81642224,10.14945503,9.61652505,10.02032995
2026-07-30 16:00:00,10.02240259,10.25816827,9.83412381,10.04640008
2026-07-30 17:00:00,10.04789171,10.31332652,10.01113871,10.11063671
2026-07-30 18:00:00,10.11000000,10.15000000,9.93457107,10.08185142
2026-07-30 19:00:00,10.08448455,10.51729164,10.08448455,10.44878410
2026-07-30 20:00:00,10.45306866,11.24000000,10.35000000,11.12000000
2026-07-30 21:00:00,11.13000000,11.83126482,10.99907666,11.35000000
2026-07-30 22:00:00,11.33585711,11.72298442,11.21688486,11.54918477
2026-07-30 23:00:00,11.54769984,11.68903588,11.03277558,11.62637082
2026-07-31 00:00:00,11.62562108,12.24752498,11.44631280,12.03000000
2026-07-31 01:00:00,12.03491041,12.63745072,11.44000000,11.75000000
2026-07-31 02:00:00,11.75000000,11.86335352,11.23000000,11.46918535
2026-07-31 03:00:00,11.47000000,11.74350647,11.36359290,11.48135722
2026-07-31 04:00:00,11.50000000,12.12000000,11.42000000,11.92000000
2026-07-31 05:00:00,11.93000000,12.37933378,11.88232669,12.29214906
2026-07-31 06:00:00,12.29058384,12.42641973,10.67000000,11.12151720
2026-07-31 07:00:00,11.11834965,11.50000000,10.97687433,11.27133075
2026-07-31 08:00:00,11.27301867,11.64452770,10.81000000,11.64452770
2026-07-31 09:00:00,11.64479640,11.94000000,11.13295790,11.18261975
2026-07-31 10:00:00,11.18000000,11.62000000,11.16316783,11.42599117
2026-07-31 11:00:00,11.42609238,11.88000000,11.42609238,11.74254958
2026-07-31 12:00:00,11.74767586,11.75269995,11.14320722,11.23000000
2026-07-31 13:00:00,11.23000000,12.43000000,9.54815409,9.80682361
2026-07-31 14:00:00,9.81146301,9.94000000,8.95081248,9.90000000
2026-07-31 15:00:00,9.90000000,10.25650814,9.17000000,9.44254254
2026-07-31 16:00:00,9.44334402,9.85928724,9.42000000,9.73667739
2026-07-31 17:00:00,9.73574723,10.34000000,9.73559279,10.00834774
2026-07-31 18:00:00,10.00000000,10.07408355,9.62160343,9.92000000
2026-07-31 19:00:00,9.92000000,10.00617943,9.24834121,9.35196007
2026-07-31 20:00:00,9.35722887,9.45000000,9.15752111,9.27000000
2026-07-31 21:00:00,9.27000000,9.41000000,9.24080478,9.27000000
2026-07-31 22:00:00,9.27000000,9.32000000,9.10827740,9.22000000
2026-07-31 23:00:00,9.22000000,9.24810828,9.07000000,9.09000000
2026-08-01 00:00:00,9.09155335,9.30896296,9.01297574,9.13000000
2026-08-01 01:00:00,9.13000000,9.18579163,9.06690549,9.17721425
2026-08-01 02:00:00,9.17754169,9.22904361,9.14482222,9.21000000
2026-08-01 03:00:00,9.21000000,9.30597593,9.17623070,9.23498132
2026-08-01 04:00:00,9.23498133,9.29544674,9.20697063,9.26463536
2026-08-01 05:00:00,9.26431642,9.34565186,9.22455500,9.26788887
2026-08-01 06:00:00,9.26788754,9.38600986,9.22439692,9.29000000
2026-08-01 07:00:00,9.29000000,9.47526501,9.28495742,9.40000000
2026-08-01 08:00:00,9.40000000,9.42932736,9.35861981,9.38000000
2026-08-01 09:00:00,9.38000000,9.44900883,9.37014960,9.42000000
2026-08-01 10:00:00,9.42000000,9.45530585,9.39483545,9.44000000
2026-08-01 11:00:00,9.44000000,9.53263436,9.43333341,9.47000000
2026-08-01 12:00:00,9.47004803,9.48516283,9.39487703,9.40000000
2026-08-01 13:00:00,9.39457129,9.43000000,9.23106942,9.32414220
2026-08-01 14:00:00,9.32414372,9.34519640,9.29447181,9.32000000
2026-08-01 15:00:00,9.32000000,9.32509151,9.23963581,9.27000000
2026-08-01 16:00:00,9.26476546,9.28000000,8.97435880,9.12000000
2026-08-01 17:00:00,9.11702362,9.23878304,9.09458860,9.14000000
2026-08-01 18:00:00,9.14000000,9.17616151,9.00000000,9.07000000
2026-08-01 19:00:00,9.08000000,9.09748645,9.00000000,9.02050397
2026-08-01 20:00:00,9.02070419,9.12709336,9.00000000,9.12442885
2026-08-01 21:00:00,9.12475179,9.34349685,9.08316479,9.31625415
2026-08-01 22:00:00,9.31593079,9.34000000,9.23000000,9.32000000
2026-08-01 23:00:00,9.32000000,9.37023097,9.27491560,9.36986355
2026-08-02 00:00:00,9.36000000,9.45097011,9.26420719,9.27439745
2026-08-02 01:00:00,9.27439783,9.28000000,9.16000000,9.24615629
2026-08-02 02:00:00,9.24616044,9.69814226,9.22487301,9.58000000
2026-08-02 03:00:00,9.57000000,9.61000000,9.47639172,9.61000000
2026-08-02 04:00:00,9.61000000,9.74600546,9.58530024,9.58531052
2026-08-02 05:00:00,9.58527685,9.69090924,9.58331709,9.66000000
2026-08-02 06:00:00,9.66000000,9.69540794,9.62472250,9.64000000
2026-08-02 07:00:00,9.64000000,9.67569267,9.55425760,9.65000000
2026-08-02 08:00:00,9.65000000,9.75985235,9.64015041,9.69502088
2026-08-02 09:00:00,9.69502159,9.70285171,9.55000000,9.60546693
2026-08-02 10:00:00,9.60481543,9.67524783,9.56447591,9.61320754
2026-08-02 11:00:00,9.61253595,9.62598390,9.42109823,9.42206146
2026-08-02 12:00:00,9.42173443,9.60616486,9.41328144,9.54000000
2026-08-02 13:00:00,9.54000000,9.57538846,9.47000000,9.51462825
2026-08-02 14:00:00,9.51429965,9.55543399,9.46000000,9.52000000
2026-08-02 15:00:00,9.52000000,9.56686170,9.49471420,9.55506859
2026-08-02 16:00:00,9.55506855,9.69295728,9.50468129,9.65000000
2026-08-02 17:00:00,9.65000000,9.80364610,9.65000000,9.69833641
2026-08-02 18:00:00,9.69822828,9.72861799,9.64465155,9.65374291
2026-08-02 19:00:00,9.65374231,9.76025594,9.65374155,9.75618809
2026-08-02 20:00:00,9.75650976,9.79556077,9.67931489,9.68000000
2026-08-02 21:00:00,9.68000127,9.74225297,9.52694548,9.62000000
2026-08-02 22:00:00,9.62000000,9.69135221,9.52000000,9.67000000
2026-08-02 23:00:00,9.67000000,9.83942801,9.57000000,9.65000000
2026-08-03 00:00:00,9.65000000,10.08000000,9.40000000,10.02804999
2026-08-03 01:00:00,10.02746047,10.10407511,9.70245078,9.95029401
2026-08-03 02:00:00,9.95199814,10.04539027,9.85714643,9.96000000
2026-08-03 03:00:00,9.96000000,10.02000000,9.83350034,9.96830439
2026-08-03 04:00:00,9.96773423,10.01754579,9.71000000,9.74655199
2026-08-03 05:00:00,9.75000000,9.95411005,9.67229416,9.92974738
2026-08-03 06:00:00,9.92357267,9.94000000,9.68000000,9.71250603
2026-08-03 07:00:00,9.71175331,9.80000000,9.60000000,9.69000000
2026-08-03 08:00:00,9.69000000,9.69000000,9.15208036,9.57024429
2026-08-03 09:00:00,9.57073783,9.58229501,9.22368756,9.38000000
2026-08-03 10:00:00,9.38000000,9.38000000,8.64657255,8.97984179
2026-08-03 11:00:00,8.97814709,8.97814709,8.44000000,8.53000000
2026-08-03 12:00:00,8.52000000,8.75501910,8.35000000,8.65000000
2026-08-03 13:00:00,8.65000000,9.41873030,7.96011531,9.41873030
2026-08-03 14:00:00,9.41000000,10.22452537,8.99395164,10.03776101
2026-08-03 15:00:00,10.04000000,10.04000000,9.65000000,9.93124639
2026-08-03 16:00:00,9.93132351,10.44043485,9.93074570,10.24000000
2026-08-03 17:00:00,10.24000000,10.86619809,10.19252964,10.80919101
2026-08-03 18:00:00,10.80743204,10.87769541,10.44550214,10.51000000
2026-08-03 19:00:00,10.51000000,10.71708691,10.33000000,10.44000000
2026-08-03 20:00:00,10.44447063,10.59636606,10.20962921,10.52029877
2026-08-03 21:00:00,10.52287970,10.89000000,10.46000000,10.74000000
2026-08-03 22:00:00,10.74000000,10.87003515,10.68000000,10.83000000
2026-08-03 23:00:00,10.83000000,11.11000000,10.75346566,11.10311509
2026-08-04 00:00:00,11.10000000,11.11000000,10.32635906,10.32635906
2026-08-04 01:00:00,10.32599015,10.88000000,10.19000000,10.81154374
2026-08-04 02:00:00,10.81168718,10.82000000,10.43000000,10.52000000
2026-08-04 03:00:00,10.52000000,10.60000000,10.36813241,10.53000000
2026-08-04 04:00:00,10.53000000,10.54947352,10.38568177,10.47340561
2026-08-04 05:00:00,10.47489002,10.80000000,10.35704739,10.77000000
2026-08-04 06:00:00,10.77000000,10.92630634,10.71529673,10.91710118
2026-08-04 07:00:00,10.91882042,11.09000000,10.83168018,10.94000000
2026-08-04 08:00:00,10.94000000,11.32507339,10.94000000,11.04000000
2026-08-04 09:00:00,11.04059051,11.04341224,10.74814857,10.97000000
2026-08-04 10:00:00,10.97000000,11.44741874,10.95000000,11.26000000
2026-08-04 11:00:00,11.26000000,11.75835683,11.26000000,11.75835683
2026-08-04 12:00:00,11.76372645,11.78000000,11.48144329,11.60932765
2026-08-04 13:00:00,11.60961828,12.49519680,11.37000000,11.99702444
2026-08-04 14:00:00,12.00235452,12.27826714,11.81193149,12.21038976
2026-08-04 15:00:00,12.21000000,12.83000428,12.18130828,12.44000000
2026-08-04 16:00:00,12.44000000,12.96831201,12.44000000,12.92388973
2026-08-04 17:00:00,12.92383075,13.03427663,12.76000000,12.84023734
2026-08-04 18:00:00,12.84080333,12.89817266,12.60090222,12.65899536
2026-08-04 19:00:00,12.65856234,12.90641184,12.51887474,12.73000000
2026-08-04 20:00:00,12.74000000,13.00848223,11.90349672,12.22380026
2026-08-04 21:00:00,12.22336718,12.78783497,12.16259946,12.46489283
2026-08-04 22:00:00,12.46431956,12.59706162,12.31000000,12.48387750
2026-08-04 23:00:00,12.48238338,12.91304583,12.39527724,12.87000000
2026-08-05 00:00:00,12.87000000,12.91288181,12.47000000,12.63542698
2026-08-05 01:00:00,12.63623645,12.72403201,12.22000000,12.63318718
2026-08-05 02:00:00,12.63447467,12.74000000,12.45899154,12.52594208
2026-08-05 03:00:00,12.52591180,12.74000000,12.52591180,12.71000000
2026-08-05 04:00:00,12.71000000,12.99426525,12.68321436,12.99000000
2026-08-05 05:00:00,12.99625038,13.61000000,12.97843140,13.40839981
2026-08-05 06:00:00,13.40572509,13.40572509,12.98000000,13.12425851
2026-08-05 07:00:00,13.12445755,13.25459469,12.77056455,13.01390098
2026-08-05 08:00:00,13.01358916,13.19002665,12.21000000,12.46472019
2026-08-05 09:00:00,12.46340723,12.65000000,12.28256030,12.53138415
2026-08-05 10:00:00,12.53128360,12.59000000,11.92222952,12.17182613
2026-08-05 11:00:00,12.17339576,12.54399164,12.16981943,12.29098796
2026-08-05 12:00:00,12.29000000,12.52892463,12.13000000,12.38000000
2026-08-05 13:00:00,12.38000000,12.96000000,11.80074930,12.92772661
2026-08-05 14:00:00,12.93000000,12.93000000,11.63249475,12.12793865
2026-08-05 15:00:00,12.12756751,12.72000000,12.08853991,12.32983823
2026-08-05 16:00:00,12.32971932,12.76534697,12.30334482,12.64000000
2026-08-05 17:00:00,12.63061971,12.67000000,12.38568553,12.54523824
2026-08-05 18:00:00,12.55119235,12.56726114,12.17411344,12.24107809
2026-08-05 19:00:00,12.23968919,12.42937191,11.36687824,11.40000000
2026-08-05 20:00:00,11.39276738,11.95759007,9.50000000,10.55000000
2026-08-05 21:00:00,10.55441195,10.66789580,9.74622739,9.95000000
2026-08-05 22:00:00,9.95387357,10.30646066,9.77944737,10.00255390
2026-08-05 23:00:00,10.00222269,10.02618853,9.55192728,9.57818913
2026-08-06 00:00:00,9.57888622,9.93165461,9.41770228,9.54271817
2026-08-06 01:00:00,9.54279506,9.74000000,9.28000000,9.59000000
2026-08-06 02:00:00,9.59000000,9.76077076,9.49455093,9.55899987
2026-08-06 03:00:00,9.55635313,9.62187901,9.38000000,9.56997848
2026-08-06 04:00:00,9.56967238,9.62000000,9.33656501,9.48000000
2026-08-06 05:00:00,9.48000000,9.57812789,9.34400621,9.47000000
2026-08-06 06:00:00,9.47000000,9.55767103,9.28032971,9.52000000
2026-08-06 07:00:00,9.52000000,9.56949021,9.36043061,9.39000000
2026-08-06 08:00:00,9.39000000,9.69000000,9.12602385,9.47000000
2026-08-06 09:00:00,9.48000000,9.48334556,9.23000000,9.37566240
2026-08-06 10:00:00,9.37565928,9.44000000,9.02367999,9.05932677
2026-08-06 11:00:00,9.06000000,9.26487479,8.76364791,9.22997933
2026-08-06 12:00:00,9.23000000,9.25495723,8.85092626,9.04000000
2026-08-06 13:00:00,9.03000000,10.11014389,8.28180416,10.08790128
2026-08-06 14:00:00,10.08715491,10.41677245,9.70922185,10.10272559
2026-08-06 15:00:00,10.10971654,10.87000000,10.10971654,10.21000000
2026-08-06 16:00:00,10.21000000,10.43886597,9.96900060,10.38172873
2026-08-06 17:00:00,10.38056757,10.46450847,10.09292166,10.24000000
2026-08-06 18:00:00,10.24000000,10.42000000,10.09681020,10.14742316
2026-08-06 19:00:00,10.14667337,10.37596779,9.75040764,9.80436614
2026-08-06 20:00:00,9.81000000,9.90000000,9.52543354,9.89063162
2026-08-06 21:00:00,9.89198588,10.06000000,9.88338322,9.97000000
2026-08-06 22:00:00,9.97000000,10.15132120,9.95885612,10.10362133
2026-08-06 23:00:00,10.10384487,10.10477767,9.97359922,10.07122679
2026-08-07 00:00:00,10.07093065,10.25265416,9.87624423,9.99335945
2026-08-07 01:00:00,9.99623483,10.02875015,9.67287245,9.75471674
2026-08-07 02:00:00,9.75653446,9.97986049,9.72476821,9.95623008
2026-08-07 03:00:00,9.95575813,10.01737016,9.82000000,9.82961072
2026-08-07 04:00:00,9.83000000,9.91010777,9.74753668,9.82000000
2026-08-07 05:00:00,9.82000000,10.01599142,9.81594662,10.00000000
2026-08-07 06:00:00,10.00000000,10.12570960,9.91589089,9.92682213
2026-08-07 07:00:00,9.92784121,10.23000000,9.90071753,10.22000000
2026-08-07 08:00:00,10.22000000,10.63286450,10.19000000,10.49309781
2026-08-07 09:00:00,10.49000000,10.54975706,10.30579135,10.33996984
2026-08-07 10:00:00,10.33991992,10.38000000,10.18127582,10.18917113
2026-08-07 11:00:00,10.19000000,10.40000000,10.19000000,10.23000000
2026-08-07 12:00:00,10.23000000,10.87976436,10.20948343,10.72622698
2026-08-07 13:00:00,10.72636385,10.74300756,9.12521583,9.23404858
2026-08-07 14:00:00,9.23896000,9.26672974,8.66637726,8.95648664
2026-08-07 15:00:00,8.95695820,9.56930645,8.93000000,9.37750866
2026-08-07 16:00:00,9.37798575,9.58112136,9.18295282,9.38000000
2026-08-07 17:00:00,9.38000000,9.45000000,9.28485062,9.33000000
2026-08-07 18:00:00,9.33000000,9.37538309,9.24000000,9.34329737
2026-08-07 19:00:00,9.34359820,9.42616474,9.03185331,9.08255777
2026-08-07 20:00:00,9.08311017,9.17200803,9.01000000,9.16523051
2026-08-07 21:00:00,9.16521774,9.16856672,9.05490531,9.09000000
2026-08-07 22:00:00,9.09000000,9.10995103,9.03000000,9.09000000
2026-08-07 23:00:00,9.09612406,9.21000000,9.08000000,9.21000000
2026-08-08 00:00:00,9.21000000,9.25538912,9.17000000,9.20499856
2026-08-08 01:00:00,9.20499851,9.24526887,9.18545448,9.23516376
2026-08-08 02:00:00,9.23516366,9.25524500,9.20480916,9.20481590
2026-08-08 03:00:00,9.20482218,9.22000000,9.14460091,9.19507947
2026-08-08 04:00:00,9.19507942,9.21000000,9.07433165,9.08450570
2026-08-08 05:00:00,9.08452258,9.11000000,9.01883092,9.02460650
2026-08-08 06:00:00,9.02459310,9.06510983,9.01355508,9.06505947
2026-08-08 07:00:00,9.06505943,9.08523117,9.04922349,9.07000000
2026-08-08 08:00:00,9.07000000,9.07000000,9.04484272,9.06000000
2026-08-08 09:00:00,9.06000000,9.07514840,9.05491994,9.05503371
2026-08-08 10:00:00,9.05503194,9.08518989,9.05488938,9.07157362
2026-08-08 11:00:00,9.07157432,9.09680412,9.07157432,9.08231762
2026-08-08 12:00:00,9.08231817,9.08509934,9.05000000,9.07000000
2026-08-08 13:00:00,9.07000000,9.16676459,9.06491067,9.15000000
2026-08-08 14:00:00,9.15000000,9.19000000,9.12348651,9.13000000
2026-08-08 15:00:00,9.13000000,9.14515646,9.09462576,9.14000000
2026-08-08 16:00:00,9.14000000,9.16520162,9.11839258,9.16000000
2026-08-08 17:00:00,9.16000000,9.21537756,9.15348110,9.19000000
2026-08-08 18:00:00,9.19000000,9.19512284,9.14482504,9.15000000
2026-08-08 19:00:00,9.15000000,9.20366607,9.14484109,9.17499024
2026-08-08 20:00:00,9.17499025,9.19514513,9.17493913,9.18228402
2026-08-08 21:00:00,9.18228572,9.18502828,9.16391285,9.17209861
2026-08-08 22:00:00,9.17210042,9.21534029,9.15485363,9.21529361
2026-08-08 23:00:00,9.21529350,9.22537785,9.16000000,9.18001936
2026-08-09 00:00:00,9.18002247,9.20589623,9.16486720,9.18000000
2026-08-09 01:00:00,9.18000000,9.19511973,9.13240146,9.14000000
2026-08-09 02:00:00,9.14000000,9.16510323,9.14000000,9.15565002
2026-08-09 03:00:00,9.15564961,9.19000000,9.14490465,9.19000000
2026-08-09 04:00:00,9.19000000,9.20518630,9.18000000,9.18498939
2026-08-09 05:00:00,9.18498940,9.25555322,9.18497951,9.22000000
2026-08-09 06:00:00,9.22000000,9.27587453,9.22000000,9.26159491
2026-08-09 07:00:00,9.26159704,9.26503171,9.21462512,9.23000000
2026-08-09 08:00:00,9.23000000,9.23698201,9.10127078,9.11463202
2026-08-09 09:00:00,9.11463225,9.13000000,9.10467242,9.12500794
2026-08-09 10:00:00,9.12500793,9.13512611,9.10482134,9.13149824
2026-08-09 11:00:00,9.13149418,9.14000000,9.10476056,9.13504066
2026-08-09 12:00:00,9.13504063,9.14000000,9.10477778,9.13665899
2026-08-09 13:00:00,9.13633537,9.15617781,9.12494522,9.13497953
2026-08-09 14:00:00,9.13497884,9.17484954,9.13497642,9.17484954
2026-08-09 15:00:00,9.17517221,9.20441205,9.17000000,9.18728449
2026-08-09 16:00:00,9.18728931,9.21521875,9.17491413,9.21000000
2026-08-09 17:00:00,9.21000000,9.36990821,9.21000000,9.33558407
2026-08-09 18:00:00,9.33556413,9.36000000,9.27475172,9.27477161
2026-08-09 19:00:00,9.27477175,9.33572622,9.27477175,9.32517753
2026-08-09 20:00:00,9.32517742,9.32517742,9.29489003,9.30000000
2026-08-09 21:00:00,9.30000000,9.37000000,9.27474066,9.35237625
2026-08-09 22:00:00,9.35270047,9.37647086,9.23437328,9.26485783
2026-08-09 23:00:00,9.26485791,9.33000000,9.18096500,9.22750210
2026-08-10 00:00:00,9.22717171,9.45214228,9.05000000,9.12239174
2026-08-10 01:00:00,9.12060510,9.24971698,9.05000000,9.21735903
2026-08-10 02:00:00,9.21805620,9.22387805,9.09287347,9.15420805
2026-08-10 03:00:00,9.15294845,9.19000000,9.12943327,9.14849218
2026-08-10 04:00:00,9.14864636,9.20000000,9.07218682,9.08015503
2026-08-10 05:00:00,9.08148032,9.21113123,9.08000000,9.20000000
2026-08-10 06:00:00,9.20000000,9.32000000,9.18000000,9.25377042
2026-08-10 07:00:00,9.25429967,9.34242633,9.24327965,9.29159164
2026-08-10 08:00:00,9.29271729,9.47951920,9.25421258,9.29051436
2026-08-10 09:00:00,9.29053568,9.30000000,9.05172597,9.13699911
2026-08-10 10:00:00,9.13697746,9.21000000,9.08000000,9.11335130
2026-08-10 11:00:00,9.11292663,9.14324572,8.74000000,9.03546888
2026-08-10 12:00:00,9.03712299,9.05000000,8.76472991,8.83000000
2026-08-10 13:00:00,8.83133318,9.69050913,8.80250050,9.59729145
2026-08-10 14:00:00,9.59401009,10.06278455,9.41000000,9.43453684
2026-08-10 15:00:00,9.43457186,9.65000000,9.29000000,9.58000000
2026-08-10 16:00:00,9.58000000,9.81248029,9.54496700,9.69000000
2026-08-10 17:00:00,9.69000000,9.82312109,9.64112605,9.80856203
2026-08-10 18:00:00,9.80844612,9.84000000,9.65642223,9.67929714
2026-08-10 19:00:00,9.67797603,9.72000000,9.41392459,9.46190335
2026-08-10 20:00:00,9.46375238,9.53550102,9.33841961,9.50870497
2026-08-10 21:00:00,9.50835041,9.51667603,9.45992716,9.48423800
2026-08-10 22:00:00,9.48392858,9.53609824,9.38995911,9.41945093
2026-08-10 23:00:00,9.41958284,9.43116568,9.31461194,9.42169383
2026-08-11 00:00:00,9.42203257,9.51000000,9.37274041,9.44391890
2026-08-11 01:00:00,9.44398192,9.75000000,9.39690491,9.61153110
2026-08-11 02:00:00,9.61221268,9.69000000,9.58806489,9.65503988
2026-08-11 03:00:00,9.65499769,9.80000000,9.63062060,9.74175049
2026-08-11 04:00:00,9.74149932,9.90000000,9.74149932,9.80509722
2026-08-11 05:00:00,9.80517244,9.83808299,9.64353281,9.65979883
2026-08-11 06:00:00,9.66000000,9.71468937,9.48005409,9.54000000
2026-08-11 07:00:00,9.54051155,9.67095734,9.53024770,9.64390330
2026-08-11 08:00:00,9.64783780,9.75170095,9.35443114,9.47000000
2026-08-11 09:00:00,9.47000000,9.52024812,9.34031812,9.49000000
2026-08-11 10:00:00,9.49000000,9.55981906,9.43000000,9.53486945
2026-08-11 11:00:00,9.53495066,9.68879484,9.53495066,9.58000000
2026-08-11 12:00:00,9.58000000,9.78000000,9.53000000,9.71773991
2026-08-11 13:00:00,9.71752351,10.18668796,9.53344613,9.69000000
2026-08-11 14:00:00,9.69000000,9.90327301,9.53040221,9.86837713
2026-08-11 15:00:00,9.86842257,10.10000000,9.77470813,9.94879314
2026-08-11 16:00:00,9.94891131,10.06162429,9.89000000,9.92906559
2026-08-11 17:00:00,9.92923146,9.93540323,9.77000000,9.88892227
2026-08-11 18:00:00,9.88520803,9.97000000,9.81000000,9.91000000
2026-08-11 19:00:00,9.91000000,10.14000000,9.89000000,9.93507438
2026-08-11 20:00:00,9.93196509,10.10000000,9.92000000,10.00455548
2026-08-11 21:00:00,10.00473834,10.02608493,9.97580533,10.01000000
2026-08-11 22:00:00,10.00482307,10.10915538,9.97453920,10.08000000
2026-08-11 23:00:00,10.08000000,10.08469078,10.02000000,10.04495853
2026-08-12 00:00:00,10.04513918,10.14151012,9.93480439,10.00361567
2026-08-12 01:00:00,10.00295542,10.29000000,9.96714448,10.28181827
2026-08-12 02:00:00,10.27930547,10.56250738,10.21506792,10.52466535
2026-08-12 03:00:00,10.52441654,10.71000000,10.48964161,10.52107489
2026-08-12 04:00:00,10.52234137,10.60000000,10.43875127,10.46000000
2026-08-12 05:00:00,10.46000000,10.48051528,10.32575233,10.46256021
2026-08-12 06:00:00,10.46265894,10.50116678,10.35294741,10.42762369
2026-08-12 07:00:00,10.42820065,10.54856696,10.42820065,10.54000000
2026-08-12 08:00:00,10.54000000,10.87828867,10.42637345,10.81875363
2026-08-12 09:00:00,10.81863033,10.86791516,10.72569527,10.76402271
2026-08-12 10:00:00,10.76434874,10.82848000,10.70775948,10.73496705
2026-08-12 11:00:00,10.73489525,10.83000000,10.67502383,10.81783459
2026-08-12 12:00:00,10.81757788,11.12722828,10.70920826,11.12722828
2026-08-12 13:00:00,11.12766037,11.53000000,10.55375915,11.43000000
2026-08-12 14:00:00,11.42211257,11.77015062,11.29812982,11.56754220
2026-08-12 15:00:00,11.56666821,11.72964938,11.48851239,11.58000000
2026-08-12 16:00:00,11.58000000,11.70000000,11.38276350,11.44000000
2026-08-12 17:00:00,11.44000000,11.65267948,11.40815281,11.61000000
2026-08-12 18:00:00,11.61000000,11.63079055,11.07000000,11.13229717
2026-08-12 19:00:00,11.13000000,11.22000000,10.95000000,11.10681817
2026-08-12 20:00:00,11.10574517,11.20572324,11.01000000,11.06115145
2026-08-12 21:00:00,11.06127142,11.20446315,11.04000000,11.18051933
2026-08-12 22:00:00,11.18000000,11.19000000,11.11000000,11.17613370
2026-08-12 23:00:00,11.17571526,11.42425998,11.15761560,11.38099480
2026-08-13 00:00:00,11.38034627,11.57000000,11.24000000,11.37000000
2026-08-13 01:00:00,11.37000000,11.47000000,11.29000000,11.44793748
2026-08-13 02:00:00,11.44829766,11.50889040,11.37000000,11.47000000
2026-08-13 03:00:00,11.47000000,11.48417413,11.37200931,11.43193194
2026-08-13 04:00:00,11.43225935,11.48962467,11.38000000,11.40000000
2026-08-13 05:00:00,11.40000000,11.48361505,11.30000000,11.30022726
2026-08-13 06:00:00,11.30114570,11.38011019,11.20000000,11.23000000
2026-08-13 07:00:00,11.23000000,11.24000000,11.06000000,11.15251964
2026-08-13 08:00:00,11.15275730,11.19447336,10.83920194,11.05607479
2026-08-13 09:00:00,11.05608952,11.16438176,10.92769938,11.16438176
2026-08-13 10:00:00,11.16471766,11.24626158,11.02426422,11.21760805
2026-08-13 11:00:00,11.21793904,11.35000000,11.19852868,11.27155126
2026-08-13 12:00:00,11.28000000,11.33000000,11.00740722,11.23758536
2026-08-13 13:00:00,11.23793922,12.24000000,10.91000000,12.18065981
2026-08-13 14:00:00,12.17992191,12.53200487,11.79499142,12.07363660
2026-08-13 15:00:00,12.07641975,14.96476552,12.00254749,14.18850715
2026-08-13 16:00:00,14.18857886,14.66000000,14.18857886,14.45596413
2026-08-13 17:00:00,14.45722069,14.85931812,14.44518592,14.63157080
2026-08-13 18:00:00,14.63147427,14.72677753,14.36321944,14.38000000
2026-08-13 19:00:00,14.38000000,14.54000000,13.87931415,14.09494713
2026-08-13 20:00:00,14.11172126,14.52000000,14.10000000,14.44000000
2026-08-13 21:00:00,14.44109830,14.48943549,14.33737784,14.46000000
2026-08-13 22:00:00,14.46000000,14.81286795,14.43369844,14.80000000
2026-08-13 23:00:00,14.80000000,14.89622236,14.67136644,14.89606618
2026-08-14 00:00:00,14.89714604,14.90674090,14.28000000,14.32359779
2026-08-14 01:00:00,14.32000000,14.42000000,14.17000000,14.34155108
2026-08-14 02:00:00,14.35842228,14.56699535,14.35000000,14.39419561
2026-08-14 03:00:00,14.39386309,14.49569241,14.36308159,14.43000000
2026-08-14 04:00:00,14.43007782,14.56883247,14.37173966,14.47613537
2026-08-14 05:00:00,14.47710458,14.63319222,14.40704380,14.61000000
2026-08-14 06:00:00,14.61000000,14.76700456,14.53739529,14.72410530
2026-08-14 07:00:00,14.72298514,14.84000000,14.66506610,14.74000000
2026-08-14 08:00:00,14.74000000,15.69000000,14.67410751,15.20000000
2026-08-14 09:00:00,15.20000000,15.77709907,15.11734283,15.69838695
2026-08-14 10:00:00,15.69705949,15.88916865,15.58000000,15.77284376
2026-08-14 11:00:00,15.78000000,16.25806590,15.78000000,16.04000000
2026-08-14 12:00:00,16.03000000,16.12697503,15.77589048,16.11333267
2026-08-14 13:00:00,16.11478078,16.35500726,14.82060961,15.81081587
2026-08-14 14:00:00,15.80869611,16.64000000,15.20321212,15.91558125
2026-08-14 15:00:00,15.91495388,16.32000000,15.60546044,15.83012850
2026-08-14 16:00:00,15.83000000,16.04000000,15.64578820,15.96000000
2026-08-14 17:00:00,15.96108327,16.06161506,15.81681900,16.01000000
2026-08-14 18:00:00,16.01000000,16.13000000,15.87000000,16.02000000
2026-08-14 19:00:00,16.02000000,16.27418871,15.62030598,16.19000000
2026-08-14 20:00:00,16.18011968,16.44459522,16.09000000,16.26000000
2026-08-14 21:00:00,16.25000000,16.60877927,16.23502121,16.53000000
2026-08-14 22:00:00,16.53000000,16.68341082,16.37000000,16.46000000
2026-08-14 23:00:00,16.46000000,16.57090021,16.42238858,16.47000000
2026-08-15 00:00:00,16.47000000,16.47000000,16.35437190,16.39223335
2026-08-15 01:00:00,16.39255745,16.40797400,16.27000000,16.32000000
2026-08-15 02:00:00,16.32000000,16.33023093,16.22389600,16.28495416
2026-08-15 03:00:00,16.28495259,16.31795087,16.24464376,16.28034778
2026-08-15 04:00:00,16.28034849,16.31000000,16.25376401,16.26497547
2026-08-15 05:00:00,16.26497463,16.27515937,16.22476695,16.24000000
2026-08-15 06:00:00,16.24000000,16.35643974,16.22478718,16.32798533
2026-08-15 07:00:00,16.32798346,16.37470870,16.30495673,16.37470870
2026-08-15 08:00:00,16.37535961,16.37969623,16.34087238,16.35566470
2026-08-15 09:00:00,16.35566429,16.35670644,16.30468901,16.32497545
2026-08-15 10:00:00,16.32497546,16.35520158,16.30480427,16.35516762
2026-08-15 11:00:00,16.35516751,16.35516751,16.28371413,16.29000000
2026-08-15 12:00:00,16.28481479,16.34719414,16.28448778,16.34712992
2026-08-15 13:00:00,16.34712851,16.37528442,16.32496791,16.35499632
2026-08-15 14:00:00,16.35499633,16.37514772,16.34000000,16.34484127
2026-08-15 15:00:00,16.34484137,16.38620857,16.33000000,16.37113881
2026-08-15 16:00:00,16.37167986,16.38680355,16.31473560,16.31476159
2026-08-15 17:00:00,16.31475347,16.36522594,16.30467651,16.34498799
2026-08-15 18:00:00,16.34498800,16.36516458,16.32642980,16.33494286
2026-08-15 19:00:00,16.33494290,16.36000000,16.30460723,16.31475552
2026-08-15 20:00:00,16.31475568,16.34511871,16.30467856,16.33497791
2026-08-15 21:00:00,16.33497792,16.36518674,16.32488500,16.35331126
2026-08-15 22:00:00,16.35331232,16.35501619,16.31377592,16.34000000
2026-08-15 23:00:00,16.34000000,16.35541027,16.33492030,16.34497684
2026-08-16 00:00:00,16.34497763,16.38516258,16.34497687,16.38511328
2026-08-16 01:00:00,16.38510941,16.40518555,16.37493762,16.39535449
2026-08-16 02:00:00,16.39535414,16.60337506,16.39235370,16.51766433
2026-08-16 03:00:00,16.51790554,16.71548955,16.51767807,16.66000000
2026-08-16 04:00:00,16.66000000,16.66697282,16.59335991,16.61616204
2026-08-16 05:00:00,16.61583874,16.66527596,16.61486302,16.64660213
2026-08-16 06:00:00,16.64660737,16.71000000,16.64624246,16.70000000
2026-08-16 07:00:00,16.70000000,16.70519316,16.64476024,16.67502408
2026-08-16 08:00:00,16.67502325,16.69519982,16.65247944,16.66491070
2026-08-16 09:00:00,16.66491407,16.67000000,16.58456942,16.61000000
2026-08-16 10:00:00,16.61000000,16.66774968,16.58238496,16.61496201
2026-08-16 11:00:00,16.61496203,16.62000000,16.56464819,16.58487005
2026-08-16 12:00:00,16.58487013,16.59000000,16.39766177,16.43000000
2026-08-16 13:00:00,16.43000000,16.46909184,16.37319861,16.44000000
2026-08-16 14:00:00,16.44000000,16.54000000,16.41413379,16.46129478
2026-08-16 15:00:00,16.46129725,16.54539078,16.46129725,16.53000000
2026-08-16 16:00:00,16.53000000,16.63166015,16.48000000,16.59000000
2026-08-16 17:00:00,16.59846294,16.71199523,16.59789439,16.70000000
2026-08-16 18:00:00,16.70000000,16.76000000,16.62578275,16.67000000
2026-08-16 19:00:00,16.67000000,16.67309702,16.60464971,16.61000000
2026-08-16 20:00:00,16.61000000,16.68640368,16.60466956,16.64000000
2026-08-16 21:00:00,16.64000000,16.67525698,16.60171558,16.61482329
2026-08-16 22:00:00,16.61482340,16.67606426,16.51192445,16.55000000
2026-08-16 23:00:00,16.55000000,16.56000000,16.46736814,16.52727850
2026-08-17 00:00:00,16.52760590,17.10000000,16.52760590,16.90000000
2026-08-17 01:00:00,16.90000000,17.00972957,16.81588397,16.81588397
2026-08-17 02:00:00,16.81502486,17.98681294,16.80065573,17.68275895
2026-08-17 03:00:00,17.69000000,17.98929211,17.65000000,17.76000000
2026-08-17 04:00:00,17.76000000,17.94394191,17.60000000,17.81000000
2026-08-17 05:00:00,17.81327510,18.22891944,17.81107944,18.20342509
2026-08-17 06:00:00,18.20347370,18.32000000,18.05009438,18.13076593
2026-08-17 07:00:00,18.13067359,18.21000000,17.87000000,18.17314312
2026-08-17 08:00:00,18.17277536,18.17277536,17.84881894,17.95640751
2026-08-17 09:00:00,17.95604458,17.96000000,17.63978097,17.77785513
2026-08-17 10:00:00,17.77727717,18.02981056,17.77418378,17.98158804
2026-08-17 11:00:00,17.99000000,18.05284325,17.49104227,17.58000000
2026-08-17 12:00:00,17.58000000,17.58567680,17.12454380,17.32933024
2026-08-17 13:00:00,17.32727827,18.98860067,17.12085584,18.94599623
2026-08-17 14:00:00,18.94835972,19.68000000,18.47000000,19.51892636
2026-08-17 15:00:00,19.51942089,19.88874657,18.91150731,18.98986574
2026-08-17 16:00:00,18.99000000,19.41000000,18.98662119,19.40000000
2026-08-17 17:00:00,19.40000000,19.52781511,19.00159117,19.11000000
2026-08-17 18:00:00,19.11000000,19.20000000,18.84000000,18.93659667
2026-08-17 19:00:00,18.93631025,19.10577870,18.52000000,19.05413357
2026-08-17 20:00:00,19.06469402,19.20000000,18.79736300,18.86000000
2026-08-17 21:00:00,18.86000000,19.10530723,18.85699379,19.09000000
2026-08-17 22:00:00,19.09000000,19.60000000,19.07010443,19.59767756
2026-08-17 23:00:00,19.59850627,19.72022484,19.41000000,19.41321466
2026-08-18 00:00:00,19.41043170,19.67195930,19.21481548,19.35585365
2026-08-18 01:00:00,19.35552995,19.38000000,17.87000000,18.21383566
2026-08-18 02:00:00,18.21000000,18.30666309,17.43454651,17.62000000
2026-08-18 03:00:00,17.63000000,17.92000000,17.38856409,17.73000000
2026-08-18 04:00:00,17.72711441,17.94875447,17.55000000,17.80428744
2026-08-18 05:00:00,17.80684959,17.80954278,17.38631489,17.39000000
2026-08-18 06:00:00,17.38222440,17.77000000,17.37000000,17.76000000
2026-08-18 07:00:00,17.76000000,17.84000000,17.48000000,17.51000000
2026-08-18 08:00:00,17.53305691,17.58661050,16.61682018,16.85669822
2026-08-18 09:00:00,16.85000000,16.93846604,16.63261945,16.81105405
2026-08-18 10:00:00,16.81123929,16.97000000,16.68896175,16.94624784
2026-08-18 11:00:00,16.94758265,17.50951171,16.94405503,17.26237252
2026-08-18 12:00:00,17.26263302,17.41000000,16.77000000,16.88000000
2026-08-18 13:00:00,16.88000000,17.69699505,16.10689421,16.64000000
2026-08-18 14:00:00,16.63559099,16.87000000,15.43674950,15.50634567
2026-08-18 15:00:00,15.50616776,15.76679223,15.36932307,15.58477111
