longAccount,longShortRatio,shortAccount,time
0.6630,1.9674,0.3370,2026-08-01 23:00:00
0.6626,1.9638,0.3374,2026-08-02 00:00:00
0.6621,1.9595,0.3379,2026-08-02 01:00:00
0.6587,1.9300,0.3413,2026-08-02 02:00:00
0.6534,1.8852,0.3466,2026-08-02 03:00:00
0.6470,1.8329,0.3530,2026-08-02 04:00:00
0.6381,1.7632,0.3619,2026-08-02 05:00:00
0.6364,1.7503,0.3636,2026-08-02 06:00:00
0.6359,1.7465,0.3641,2026-08-02 07:00:00
0.6355,1.7435,0.3645,2026-08-02 08:00:00
0.6361,1.7480,0.3639,2026-08-02 09:00:00
0.6381,1.7632,0.3619,2026-08-02 10:00:00
0.6430,1.8011,0.3570,2026-08-02 11:00:00
0.6452,1.8185,0.3548,2026-08-02 12:00:00
0.6479,1.8401,0.3521,2026-08-02 13:00:00
0.6508,1.8637,0.3492,2026-08-02 14:00:00
0.6520,1.8736,0.3480,2026-08-02 15:00:00
0.6528,1.8802,0.3472,2026-08-02 16:00:00
0.6554,1.9019,0.3446,2026-08-02 17:00:00
0.6548,1.8969,0.3452,2026-08-02 18:00:00
0.6569,1.9146,0.3431,2026-08-02 19:00:00
0.6548,1.8969,0.3452,2026-08-02 20:00:00
0.6550,1.8986,0.3450,2026-08-02 21:00:00
0.6569,1.9146,0.3431,2026-08-02 22:00:00
0.6553,1.9011,0.3447,2026-08-02 23:00:00
0.6544,1.8935,0.3456,2026-08-03 00:00:00
0.6551,1.8994,0.3449,2026-08-03 01:00:00
0.6591,1.9334,0.3409,2026-08-03 02:00:00
0.6659,1.9931,0.3341,2026-08-03 03:00:00
0.6687,2.0184,0.3313,2026-08-03 04:00:00
0.6672,2.0048,0.3328,2026-08-03 05:00:00
0.6676,2.0084,0.3324,2026-08-03 06:00:00
0.6668,2.0012,0.3332,2026-08-03 07:00:00
0.6663,1.9967,0.3337,2026-08-03 08:00:00
0.6727,2.0553,0.3273,2026-08-03 09:00:00
0.6724,2.0525,0.3276,2026-08-03 10:00:00
0.6711,2.0404,0.3289,2026-08-03 11:00:00
0.6709,2.0386,0.3291,2026-08-03 12:00:00
0.6690,2.0211,0.3310,2026-08-03 13:00:00
0.6682,2.0139,0.3318,2026-08-03 14:00:00
0.6667,2.0003,0.3333,2026-08-03 15:00:00
0.6670,2.0030,0.3330,2026-08-03 16:00:00
0.6663,1.9967,0.3337,2026-08-03 17:00:00
0.6673,2.0057,0.3327,2026-08-03 18:00:00
0.6662,1.9958,0.3338,2026-08-03 19:00:00
0.6667,2.0003,0.3333,2026-08-03 20:00:00
0.6646,1.9815,0.3354,2026-08-03 21:00:00
0.6635,1.9718,0.3365,2026-08-03 22:00:00
0.6626,1.9638,0.3374,2026-08-03 23:00:00
0.6626,1.9638,0.3374,2026-08-04 00:00:00
0.6618,1.9568,0.3382,2026-08-04 01:00:00
0.6582,1.9257,0.3418,2026-08-04 02:00:00
0.6564,1.9104,0.3436,2026-08-04 03:00:00
0.6554,1.9019,0.3446,2026-08-04 04:00:00
0.6516,1.8703,0.3484,2026-08-04 05:00:00
0.6525,1.8777,0.3475,2026-08-04 06:00:00
0.6536,1.8868,0.3464,2026-08-04 07:00:00
0.6536,1.8868,0.3464,2026-08-04 08:00:00
0.6525,1.8777,0.3475,2026-08-04 09:00:00
0.6525,1.8777,0.3475,2026-08-04 10:00:00
0.6487,1.8466,0.3513,2026-08-04 11:00:00
0.6485,1.8450,0.3515,2026-08-04 12:00:00
0.6486,1.8458,0.3514,2026-08-04 13:00:00
0.6482,1.8425,0.3518,2026-08-04 14:00:00
0.6484,1.8441,0.3516,2026-08-04 15:00:00
0.6464,1.8281,0.3536,2026-08-04 16:00:00
0.6475,1.8369,0.3525,2026-08-04 17:00:00
0.6490,1.8490,0.3510,2026-08-04 18:00:00
0.6466,1.8297,0.3534,2026-08-04 19:00:00
0.6493,1.8514,0.3507,2026-08-04 20:00:00
0.6513,1.8678,0.3487,2026-08-04 21:00:00
0.6514,1.8686,0.3486,2026-08-04 22:00:00
0.6514,1.8686,0.3486,2026-08-04 23:00:00
0.6508,1.8637,0.3492,2026-08-05 00:00:00
0.6470,1.8329,0.3530,2026-08-05 01:00:00
0.6472,1.8345,0.3528,2026-08-05 02:00:00
0.6479,1.8401,0.3521,2026-08-05 03:00:00
0.6569,1.9146,0.3431,2026-08-05 04:00:00
0.6558,1.9053,0.3442,2026-08-05 05:00:00
0.6562,1.9087,0.3438,2026-08-05 06:00:00
0.6536,1.8868,0.3464,2026-08-05 07:00:00
0.6507,1.8629,0.3493,2026-08-05 08:00:00
0.6477,1.8385,0.3523,2026-08-05 09:00:00
0.6469,1.8321,0.3531,2026-08-05 10:00:00
0.6531,1.8827,0.3469,2026-08-05 11:00:00
0.6489,1.8482,0.3511,2026-08-05 12:00:00
0.6505,1.8612,0.3495,2026-08-05 13:00:00
0.6550,1.8986,0.3450,2026-08-05 14:00:00
0.6560,1.9070,0.3440,2026-08-05 15:00:00
0.6532,1.8835,0.3468,2026-08-05 16:00:00
0.6478,1.8393,0.3522,2026-08-05 17:00:00
0.6465,1.8289,0.3535,2026-08-05 18:00:00
0.6462,1.8265,0.3538,2026-08-05 19:00:00
0.6495,1.8531,0.3505,2026-08-05 20:00:00
0.6516,1.8703,0.3484,2026-08-05 21:00:00
0.6555,1.9028,0.3445,2026-08-05 22:00:00
0.6551,1.8994,0.3449,2026-08-05 23:00:00
0.6543,1.8927,0.3457,2026-08-06 00:00:00
0.6516,1.8703,0.3484,2026-08-06 01:00:00
0.6504,1.8604,0.3496,2026-08-06 02:00:00
0.6498,1.8555,0.3502,2026-08-06 03:00:00
0.6485,1.8450,0.3515,2026-08-06 04:00:00
0.6475,1.8369,0.3525,2026-08-06 05:00:00
0.6462,1.8265,0.3538,2026-08-06 06:00:00
0.6461,1.8257,0.3539,2026-08-06 07:00:00
0.6469,1.8321,0.3531,2026-08-06 08:00:00
0.6479,1.8401,0.3521,2026-08-06 09:00:00
0.6541,1.8910,0.3459,2026-08-06 10:00:00
0.6510,1.8653,0.3490,2026-08-06 11:00:00
0.6485,1.8450,0.3515,2026-08-06 12:00:00
0.6486,1.8458,0.3514,2026-08-06 13:00:00
0.6499,1.8563,0.3501,2026-08-06 14:00:00
0.6481,1.8417,0.3519,2026-08-06 15:00:00
0.6448,1.8153,0.3552,2026-08-06 16:00:00
0.6470,1.8329,0.3530,2026-08-06 17:00:00
0.6457,1.8225,0.3543,2026-08-06 18:00:00
0.6449,1.8161,0.3551,2026-08-06 19:00:00
0.6473,1.8353,0.3527,2026-08-06 20:00:00
0.6500,1.8571,0.3500,2026-08-06 21:00:00
0.6537,1.8877,0.3463,2026-08-06 22:00:00
0.6547,1.8960,0.3453,2026-08-06 23:00:00
0.6566,1.9121,0.3434,2026-08-07 00:00:00
0.6572,1.9172,0.3428,2026-08-07 01:00:00
0.6565,1.9112,0.3435,2026-08-07 02:00:00
0.6581,1.9248,0.3419,2026-08-07 03:00:00
0.6611,1.9507,0.3389,2026-08-07 04:00:00
0.6572,1.9172,0.3428,2026-08-07 05:00:00
0.6573,1.9180,0.3427,2026-08-07 06:00:00
0.6535,1.8860,0.3465,2026-08-07 07:00:00
0.6522,1.8752,0.3478,2026-08-07 08:00:00
0.6536,1.8868,0.3464,2026-08-07 09:00:00
0.6542,1.8918,0.3458,2026-08-07 10:00:00
0.6559,1.9061,0.3441,2026-08-07 11:00:00
0.6566,1.9121,0.3434,2026-08-07 12:00:00
0.6557,1.9044,0.3443,2026-08-07 13:00:00
0.6565,1.9112,0.3435,2026-08-07 14:00:00
0.6580,1.9240,0.3420,2026-08-07 15:00:00
0.6579,1.9231,0.3421,2026-08-07 16:00:00
0.6577,1.9214,0.3423,2026-08-07 17:00:00
0.6653,1.9878,0.3347,2026-08-07 18:00:00
0.6680,2.0120,0.3320,2026-08-07 19:00:00
0.6666,1.9994,0.3334,2026-08-07 20:00:00
0.6671,2.0039,0.3329,2026-08-07 21:00:00
0.6674,2.0066,0.3326,2026-08-07 22:00:00
0.6670,2.0030,0.3330,2026-08-07 23:00:00
0.6670,2.0030,0.3330,2026-08-08 00:00:00
0.6670,2.0030,0.3330,2026-08-08 01:00:00
0.6676,2.0084,0.3324,2026-08-08 02:00:00
0.6684,2.0157,0.3316,2026-08-08 03:00:00
0.6635,1.9718,0.3365,2026-08-08 04:00:00
0.6632,1.9691,0.3368,2026-08-08 05:00:00
0.6624,1.9621,0.3376,2026-08-08 06:00:00
0.6613,1.9525,0.3387,2026-08-08 07:00:00
0.6621,1.9595,0.3379,2026-08-08 08:00:00
0.6635,1.9718,0.3365,2026-08-08 09:00:00
0.6641,1.9771,0.3359,2026-08-08 10:00:00
0.6619,1.9577,0.3381,2026-08-08 11:00:00
0.6538,1.8885,0.3462,2026-08-08 12:00:00
0.6535,1.8860,0.3465,2026-08-08 13:00:00
0.6563,1.9095,0.3437,2026-08-08 14:00:00
0.6571,1.9163,0.3429,2026-08-08 15:00:00
0.6603,1.9438,0.3397,2026-08-08 16:00:00
0.6630,1.9674,0.3370,2026-08-08 17:00:00
0.6621,1.9595,0.3379,2026-08-08 18:00:00
0.6611,1.9507,0.3389,2026-08-08 19:00:00
0.6606,1.9464,0.3394,2026-08-08 20:00:00
0.6596,1.9377,0.3404,2026-08-08 21:00:00
0.6597,1.9386,0.3403,2026-08-08 22:00:00
0.6603,1.9438,0.3397,2026-08-08 23:00:00
0.6588,1.9308,0.3412,2026-08-09 00:00:00
0.6607,1.9472,0.3393,2026-08-09 01:00:00
0.6616,1.9551,0.3384,2026-08-09 02:00:00
0.6624,1.9621,0.3376,2026-08-09 03:00:00
0.6653,1.9878,0.3347,2026-08-09 04:00:00
0.6666,1.9994,0.3334,2026-08-09 05:00:00
0.6674,2.0066,0.3326,2026-08-09 06:00:00
0.6638,1.9744,0.3362,2026-08-09 07:00:00
0.6642,1.9780,0.3358,2026-08-09 08:00:00
0.6659,1.9931,0.3341,2026-08-09 09:00:00
0.6668,2.0012,0.3332,2026-08-09 10:00:00
0.6676,2.0084,0.3324,2026-08-09 11:00:00
0.6693,2.0239,0.3307,2026-08-09 12:00:00
0.6709,2.0386,0.3291,2026-08-09 13:00:00
0.6720,2.0488,0.3280,2026-08-09 14:00:00
0.6744,2.0713,0.3256,2026-08-09 15:00:00
0.6731,2.0590,0.3269,2026-08-09 16:00:00
0.6736,2.0637,0.3264,2026-08-09 17:00:00
0.6728,2.0562,0.3272,2026-08-09 18:00:00
0.6736,2.0637,0.3264,2026-08-09 19:00:00
0.6744,2.0713,0.3256,2026-08-09 20:00:00
0.6746,2.0731,0.3254,2026-08-09 21:00:00
0.6748,2.0750,0.3252,2026-08-09 22:00:00
0.6797,2.1221,0.3203,2026-08-09 23:00:00
0.6792,2.1172,0.3208,2026-08-10 00:00:00
0.6815,2.1397,0.3185,2026-08-10 01:00:00
0.6784,2.1095,0.3216,2026-08-10 02:00:00
0.6791,2.1162,0.3209,2026-08-10 03:00:00
0.6820,2.1447,0.3180,2026-08-10 04:00:00
0.6802,2.1270,0.3198,2026-08-10 05:00:00
0.6810,2.1348,0.3190,2026-08-10 06:00:00
0.6794,2.1192,0.3206,2026-08-10 07:00:00
0.6793,2.1182,0.3207,2026-08-10 08:00:00
0.6787,2.1124,0.3213,2026-08-10 09:00:00
0.6729,2.0572,0.3271,2026-08-10 10:00:00
0.6667,2.0003,0.3333,2026-08-10 11:00:00
0.6658,1.9922,0.3342,2026-08-10 12:00:00
0.6588,1.9308,0.3412,2026-08-10 13:00:00
0.6611,1.9507,0.3389,2026-08-10 14:00:00
0.6598,1.9394,0.3402,2026-08-10 15:00:00
0.6551,1.8994,0.3449,2026-08-10 16:00:00
0.6615,1.9542,0.3385,2026-08-10 17:00:00
0.6657,1.9913,0.3343,2026-08-10 18:00:00
0.6653,1.9878,0.3347,2026-08-10 19:00:00
0.6603,1.9438,0.3397,2026-08-10 20:00:00
0.6615,1.9542,0.3385,2026-08-10 21:00:00
0.6640,1.9762,0.3360,2026-08-10 22:00:00
0.6637,1.9735,0.3363,2026-08-10 23:00:00
0.6639,1.9753,0.3361,2026-08-11 00:00:00
0.6635,1.9718,0.3365,2026-08-11 01:00:00
0.6563,1.9095,0.3437,2026-08-11 02:00:00
0.6532,1.8835,0.3468,2026-08-11 03:00:00
0.6527,1.8794,0.3473,2026-08-11 04:00:00
0.6542,1.8918,0.3458,2026-08-11 05:00:00
0.6551,1.8994,0.3449,2026-08-11 06:00:00
0.6545,1.8944,0.3455,2026-08-11 07:00:00
0.6541,1.8910,0.3459,2026-08-11 08:00:00
0.6464,1.8281,0.3536,2026-08-11 09:00:00
0.6292,1.6969,0.3708,2026-08-11 10:00:00
0.6266,1.6781,0.3734,2026-08-11 11:00:00
0.6281,1.6889,0.3719,2026-08-11 12:00:00
0.6269,1.6802,0.3731,2026-08-11 13:00:00
0.6267,1.6788,0.3733,2026-08-11 14:00:00
0.6270,1.6810,0.3730,2026-08-11 15:00:00
0.6377,1.7601,0.3623,2026-08-11 16:00:00
0.6455,1.8209,0.3545,2026-08-11 17:00:00
0.6446,1.8137,0.3554,2026-08-11 18:00:00
0.6480,1.8409,0.3520,2026-08-11 19:00:00
0.6495,1.8531,0.3505,2026-08-11 20:00:00
0.6498,1.8555,0.3502,2026-08-11 21:00:00
0.6457,1.8225,0.3543,2026-08-11 22:00:00
0.6453,1.8193,0.3547,2026-08-11 23:00:00
0.6447,1.8145,0.3553,2026-08-12 00:00:00
0.6459,1.8241,0.3541,2026-08-12 01:00:00
0.6482,1.8425,0.3518,2026-08-12 02:00:00
0.6469,1.8321,0.3531,2026-08-12 03:00:00
0.6457,1.8225,0.3543,2026-08-12 04:00:00
0.6458,1.8233,0.3542,2026-08-12 05:00:00
0.6467,1.8305,0.3533,2026-08-12 06:00:00
0.6459,1.8241,0.3541,2026-08-12 07:00:00
0.6462,1.8265,0.3538,2026-08-12 08:00:00
0.6460,1.8249,0.3540,2026-08-12 09:00:00
0.6470,1.8329,0.3530,2026-08-12 10:00:00
0.6441,1.8098,0.3559,2026-08-12 11:00:00
0.6418,1.7917,0.3582,2026-08-12 12:00:00
0.6480,1.8409,0.3520,2026-08-12 13:00:00
0.6430,1.8011,0.3570,2026-08-12 14:00:00
0.6430,1.8011,0.3570,2026-08-12 15:00:00
0.6387,1.7678,0.3613,2026-08-12 16:00:00
0.6394,1.7732,0.3606,2026-08-12 17:00:00
0.6368,1.7533,0.3632,2026-08-12 18:00:00
0.6363,1.7495,0.3637,2026-08-12 19:00:00
0.6381,1.7632,0.3619,2026-08-12 20:00:00
0.6386,1.7670,0.3614,2026-08-12 21:00:00
0.6455,1.8209,0.3545,2026-08-12 22:00:00
0.6450,1.8169,0.3550,2026-08-12 23:00:00
0.6468,1.8313,0.3532,2026-08-13 00:00:00
0.6456,1.8217,0.3544,2026-08-13 01:00:00
0.6403,1.7801,0.3597,2026-08-13 02:00:00
0.6398,1.7762,0.3602,2026-08-13 03:00:00
0.6395,1.7739,0.3605,2026-08-13 04:00:00
0.6379,1.7617,0.3621,2026-08-13 05:00:00
0.6388,1.7685,0.3612,2026-08-13 06:00:00
0.6378,1.7609,0.3622,2026-08-13 07:00:00
0.6364,1.7503,0.3636,2026-08-13 08:00:00
0.6364,1.7503,0.3636,2026-08-13 09:00:00
0.6384,1.7655,0.3616,2026-08-13 10:00:00
0.6351,1.7405,0.3649,2026-08-13 11:00:00
0.6393,1.7724,0.3607,2026-08-13 12:00:00
0.6401,1.7785,0.3599,2026-08-13 13:00:00
0.6393,1.7724,0.3607,2026-08-13 14:00:00
0.6361,1.7480,0.3639,2026-08-13 15:00:00
0.6376,1.7594,0.3624,2026-08-13 16:00:00
0.6414,1.7886,0.3586,2026-08-13 17:00:00
0.6414,1.7886,0.3586,2026-08-13 18:00:00
0.6402,1.7793,0.3598,2026-08-13 19:00:00
0.6385,1.7663,0.3615,2026-08-13 20:00:00
0.6375,1.7586,0.3625,2026-08-13 21:00:00
0.6398,1.7762,0.3602,2026-08-13 22:00:00
0.6407,1.7832,0.3593,2026-08-13 23:00:00
0.6347,1.7375,0.3653,2026-08-14 00:00:00
0.6353,1.7420,0.3647,2026-08-14 01:00:00
0.6349,1.7390,0.3651,2026-08-14 02:00:00
0.6353,1.7420,0.3647,2026-08-14 03:00:00
0.6351,1.7405,0.3649,2026-08-14 04:00:00
0.6383,1.7647,0.3617,2026-08-14 05:00:00
0.6385,1.7663,0.3615,2026-08-14 06:00:00
0.6383,1.7647,0.3617,2026-08-14 07:00:00
0.6404,1.7809,0.3596,2026-08-14 08:00:00
0.6403,1.7801,0.3597,2026-08-14 09:00:00
0.6426,1.7980,0.3574,2026-08-14 10:00:00
0.6421,1.7941,0.3579,2026-08-14 11:00:00
0.6408,1.7840,0.3592,2026-08-14 12:00:00
0.6400,1.7778,0.3600,2026-08-14 13:00:00
0.6404,1.7809,0.3596,2026-08-14 14:00:00
0.6421,1.7941,0.3579,2026-08-14 15:00:00
0.6407,1.7832,0.3593,2026-08-14 16:00:00
0.6421,1.7941,0.3579,2026-08-14 17:00:00
0.6450,1.8169,0.3550,2026-08-14 18:00:00
0.6445,1.8129,0.3555,2026-08-14 19:00:00
0.6488,1.8474,0.3512,2026-08-14 20:00:00
0.6479,1.8401,0.3521,2026-08-14 21:00:00
0.6471,1.8337,0.3529,2026-08-14 22:00:00
0.6459,1.8241,0.3541,2026-08-14 23:00:00
0.6481,1.8417,0.3519,2026-08-15 00:00:00
0.6514,1.8686,0.3486,2026-08-15 01:00:00
0.6522,1.8752,0.3478,2026-08-15 02:00:00
0.6456,1.8217,0.3544,2026-08-15 03:00:00
0.6394,1.7732,0.3606,2026-08-15 04:00:00
0.6344,1.7352,0.3656,2026-08-15 05:00:00
0.6383,1.7647,0.3617,2026-08-15 06:00:00
0.6357,1.7450,0.3643,2026-08-15 07:00:00
0.6357,1.7450,0.3643,2026-08-15 08:00:00
0.6364,1.7503,0.3636,2026-08-15 09:00:00
0.6399,1.7770,0.3601,2026-08-15 10:00:00
0.6402,1.7793,0.3598,2026-08-15 11:00:00
0.6424,1.7964,0.3576,2026-08-15 12:00:00
0.6382,1.7640,0.3618,2026-08-15 13:00:00
0.6366,1.7518,0.3634,2026-08-15 14:00:00
0.6353,1.7420,0.3647,2026-08-15 15:00:00
0.6333,1.7270,0.3667,2026-08-15 16:00:00
0.6299,1.7020,0.3701,2026-08-15 17:00:00
0.6271,1.6817,0.3729,2026-08-15 18:00:00
0.6237,1.6575,0.3763,2026-08-15 19:00:00
0.6221,1.6462,0.3779,2026-08-15 20:00:00
0.6202,1.6330,0.3798,2026-08-15 21:00:00
0.6203,1.6337,0.3797,2026-08-15 22:00:00
0.6215,1.6420,0.3785,2026-08-15 23:00:00
0.6184,1.6205,0.3816,2026-08-16 00:00:00
0.6238,1.6582,0.3762,2026-08-16 01:00:00
0.6225,1.6490,0.3775,2026-08-16 02:00:00
0.6264,1.6767,0.3736,2026-08-16 03:00:00
0.6329,1.7241,0.3671,2026-08-16 04:00:00
0.6319,1.7167,0.3681,2026-08-16 05:00:00
0.6333,1.7270,0.3667,2026-08-16 06:00:00
0.6340,1.7322,0.3660,2026-08-16 07:00:00
0.6358,1.7457,0.3642,2026-08-16 08:00:00
0.6379,1.7617,0.3621,2026-08-16 09:00:00
0.6373,1.7571,0.3627,2026-08-16 10:00:00
0.6352,1.7412,0.3648,2026-08-16 11:00:00
0.6331,1.7255,0.3669,2026-08-16 12:00:00
0.6362,1.7488,0.3638,2026-08-16 13:00:00
0.6374,1.7579,0.3626,2026-08-16 14:00:00
0.6384,1.7655,0.3616,2026-08-16 15:00:00
0.6377,1.7601,0.3623,2026-08-16 16:00:00
0.6373,1.7571,0.3627,2026-08-16 17:00:00
0.6311,1.7108,0.3689,2026-08-16 18:00:00
0.6305,1.7064,0.3695,2026-08-16 19:00:00
0.6304,1.7056,0.3696,2026-08-16 20:00:00
0.6309,1.7093,0.3691,2026-08-16 21:00:00
0.6314,1.7130,0.3686,2026-08-16 22:00:00
0.6308,1.7086,0.3692,2026-08-16 23:00:00
0.6316,1.7144,0.3684,2026-08-17 00:00:00
0.6305,1.7064,0.3695,2026-08-17 01:00:00
0.6248,1.6652,0.3752,2026-08-17 02:00:00
0.6319,1.7167,0.3681,2026-08-17 03:00:00
0.6319,1.7167,0.3681,2026-08-17 04:00:00
0.6332,1.7263,0.3668,2026-08-17 05:00:00
0.6280,1.6882,0.3720,2026-08-17 06:00:00
0.6315,1.7137,0.3685,2026-08-17 07:00:00
0.6327,1.7226,0.3673,2026-08-17 08:00:00
0.6320,1.7174,0.3680,2026-08-17 09:00:00
0.6306,1.7071,0.3694,2026-08-17 10:00:00
0.6261,1.6745,0.3739,2026-08-17 11:00:00
0.6246,1.6638,0.3754,2026-08-17 12:00:00
0.6254,1.6695,0.3746,2026-08-17 13:00:00
0.6271,1.6817,0.3729,2026-08-17 14:00:00
0.6265,1.6774,0.3735,2026-08-17 15:00:00
0.6294,1.6983,0.3706,2026-08-17 16:00:00
0.6300,1.7027,0.3700,2026-08-17 17:00:00
0.6326,1.7218,0.3674,2026-08-17 18:00:00
0.6354,1.7427,0.3646,2026-08-17 19:00:00
0.6351,1.7405,0.3649,2026-08-17 20:00:00
0.6344,1.7352,0.3656,2026-08-17 21:00:00
0.6355,1.7435,0.3645,2026-08-17 22:00:00
0.6341,1.7330,0.3659,2026-08-17 23:00:00
0.6308,1.7086,0.3692,2026-08-18 00:00:00
0.6357,1.7450,0.3643,2026-08-18 01:00:00
0.6365,1.7510,0.3635,2026-08-18 02:00:00
0.6416,1.7902,0.3584,2026-08-18 03:00:00
0.6446,1.8137,0.3554,2026-08-18 04:00:00
0.6445,1.8129,0.3555,2026-08-18 05:00:00
0.6408,1.7840,0.3592,2026-08-18 06:00:00
0.6391,1.7709,0.3609,2026-08-18 07:00:00
0.6411,1.7863,0.3589,2026-08-18 08:00:00
0.6444,1.8121,0.3556,2026-08-18 09:00:00
0.6414,1.7886,0.3586,2026-08-18 10:00:00
0.6410,1.7855,0.3590,2026-08-18 11:00:00
0.6432,1.8027,0.3568,2026-08-18 12:00:00
0.6452,1.8185,0.3548,2026-08-18 13:00:00
0.6442,1.8106,0.3558,2026-08-18 14:00:00
0.6439,1.8082,0.3561,2026-08-18 15:00:00
0.6432,1.8027,0.3568,2026-08-18 16:00:00
0.6392,1.7716,0.3608,2026-08-18 17:00:00
0.6439,1.8082,0.3561,2026-08-18 18:00:00
0.6419,1.7925,0.3581,2026-08-18 19:00:00
0.6421,1.7941,0.3579,2026-08-18 20:00:00
0.6418,1.7917,0.3582,2026-08-18 21:00:00
0.6415,1.7894,0.3585,2026-08-18 22:00:00
0.6428,1.7996,0.3572,2026-08-18 23:00:00
0.6415,1.7894,0.3585,2026-08-19 00:00:00
0.6427,1.7988,0.3573,2026-08-19 01:00:00
0.6416,1.7902,0.3584,2026-08-19 02:00:00
0.6393,1.7724,0.3607,2026-08-19 03:00:00
0.6389,1.7693,0.3611,2026-08-19 04:00:00
0.6423,1.7956,0.3577,2026-08-19 05:00:00
0.6421,1.7941,0.3579,2026-08-19 06:00:00
0.6409,1.7847,0.3591,2026-08-19 07:00:00
0.6384,1.7655,0.3616,2026-08-19 08:00:00
0.6412,1.7871,0.3588,2026-08-19 09:00:00
0.6417,1.7910,0.3583,2026-08-19 10:00:00
0.6399,1.7770,0.3601,2026-08-19 11:00:00
0.6380,1.7624,0.3620,2026-08-19 12:00:00
0.6394,1.7732,0.3606,2026-08-19 13:00:00
0.6401,1.7785,0.3599,2026-08-19 14:00:00
0.6399,1.7770,0.3601,2026-08-19 15:00:00
0.6431,1.8019,0.3569,2026-08-19 16:00:00
0.6416,1.7902,0.3584,2026-08-19 17:00:00
0.6380,1.7624,0.3620,2026-08-19 18:00:00
0.6360,1.7473,0.3640,2026-08-19 19:00:00
0.6350,1.7397,0.3650,2026-08-19 20:00:00
0.6522,1.8752,0.3478,2026-08-19 21:00:00
0.6554,1.9019,0.3446,2026-08-19 22:00:00
0.6502,1.8588,0.3498,2026-08-19 23:00:00
0.6504,1.8604,0.3496,2026-08-20 00:00:00
0.6523,1.8760,0.3477,2026-08-20 01:00:00
0.6596,1.9377,0.3404,2026-08-20 02:00:00
0.6581,1.9248,0.3419,2026-08-20 03:00:00
0.6586,1.9291,0.3414,2026-08-20 04:00:00
0.6598,1.9394,0.3402,2026-08-20 05:00:00
0.6597,1.9386,0.3403,2026-08-20 06:00:00
0.6565,1.9112,0.3435,2026-08-20 07:00:00
0.6559,1.9061,0.3441,2026-08-20 08:00:00
0.6600,1.9412,0.3400,2026-08-20 09:00:00
0.6593,1.9351,0.3407,2026-08-20 10:00:00
0.6590,1.9326,0.3410,2026-08-20 11:00:00
0.6592,1.9343,0.3408,2026-08-20 12:00:00
0.6584,1.9274,0.3416,2026-08-20 13:00:00
0.6578,1.9223,0.3422,2026-08-20 14:00:00
0.6572,1.9172,0.3428,2026-08-20 15:00:00
0.6579,1.9231,0.3421,2026-08-20 16:00:00
0.6567,1.9129,0.3433,2026-08-20 17:00:00
0.6616,1.9551,0.3384,2026-08-20 18:00:00
0.6590,1.9326,0.3410,2026-08-20 19:00:00
0.6581,1.9248,0.3419,2026-08-20 20:00:00
0.6508,1.8637,0.3492,2026-08-20 21:00:00
0.6516,1.8703,0.3484,2026-08-20 22:00:00
0.6511,1.8662,0.3489,2026-08-20 23:00:00
0.6530,1.8818,0.3470,2026-08-21 00:00:00
0.6536,1.8868,0.3464,2026-08-21 01:00:00
0.6600,1.9412,0.3400,2026-08-21 02:00:00
0.6586,1.9291,0.3414,2026-08-21 03:00:00
0.6615,1.9542,0.3385,2026-08-21 04:00:00
0.6680,2.0120,0.3320,2026-08-21 05:00:00
0.6695,2.0257,0.3305,2026-08-21 06:00:00
0.6724,2.0525,0.3276,2026-08-21 07:00:00
0.6734,2.0618,0.3266,2026-08-21 08:00:00
0.6748,2.0750,0.3252,2026-08-21 09:00:00
0.6695,2.0257,0.3305,2026-08-21 10:00:00
0.6725,2.0534,0.3275,2026-08-21 11:00:00
0.6646,1.9815,0.3354,2026-08-21 12:00:00
0.6657,1.9913,0.3343,2026-08-21 13:00:00
0.6659,1.9931,0.3341,2026-08-21 14:00:00
0.6659,1.9931,0.3341,2026-08-21 15:00:00
0.6674,2.0066,0.3326,2026-08-21 16:00:00
0.6680,2.0120,0.3320,2026-08-21 17:00:00
0.6653,1.9878,0.3347,2026-08-21 18:00:00
0.6636,1.9727,0.3364,2026-08-21 19:00:00
0.6681,2.0130,0.3319,2026-08-21 20:00:00
0.6691,2.0221,0.3309,2026-08-21 21:00:00
0.6732,2.0600,0.3268,2026-08-21 22:00:00
0.6753,2.0798,0.3247,2026-08-21 23:00:00
0.6742,2.0694,0.3258,2026-08-22 00:00:00
0.6741,2.0684,0.3259,2026-08-22 01:00:00
0.6776,2.1017,0.3224,2026-08-22 02:00:00
0.6943,2.2712,0.3057,2026-08-22 03:00:00
0.6974,2.3047,0.3026,2026-08-22 04:00:00
0.7011,2.3456,0.2989,2026-08-22 05:00:00
0.6866,2.1908,0.3134,2026-08-22 06:00:00
0.6849,2.1736,0.3151,2026-08-22 07:00:00
0.6848,2.1726,0.3152,2026-08-22 08:00:00
0.6820,2.1447,0.3180,2026-08-22 09:00:00
0.6816,2.1407,0.3184,2026-08-22 10:00:00
0.6722,2.0506,0.3278,2026-08-22 11:00:00
0.6695,2.0257,0.3305,2026-08-22 12:00:00
0.6716,2.0451,0.3284,2026-08-22 13:00:00
0.6732,2.0600,0.3268,2026-08-22 14:00:00
0.6720,2.0488,0.3280,2026-08-22 15:00:00
0.6723,2.0516,0.3277,2026-08-22 16:00:00
0.6758,2.0845,0.3242,2026-08-22 17:00:00
0.6769,2.0950,0.3231,2026-08-22 18:00:00
